,URL
0,http://advertisementfeature.cnn.com/2019/seafood-and-sake/pepe-moncayo/?utm_medium=ppc&utm_source=tab&utm_campaign=jfoodo2019__apac
1,http://carsandyachts.com/trending/celebrities-incredible-net-worth-not-imagined/?utm_source=taboola&utm_medium=msn-edgedefaulthomepage-canada&utm_campaign=2881517&utm_term=How+Rich+Is+Serena+Williams%27+Husband+Alexis+Ohanian%3F&utm_content=http%3A%2F%2Fcdn.taboola.com%2Flibtrc%2Fstatic%2Fthumbnails%2F1714d121635ec4f37d2740e5c796d342.jpg
2,http://directhealthy.com/trending/celebrity-cars-2?utm_source=taboola&utm_medium=msn-edgedefaulthomepage-canada&utm_campaign=2978214&utm_term=See+The+Kind+Of+Car+Steve+Harvey+Drives+At+62&utm_content=http%3A%2F%2Fcdn.taboola.com%2Flibtrc%2Fstatic%2Fthumbnails%2F9c22dd49c3814c64a7e72ff9deb09481.jpg&id=2019-10-13+01%3A48%3A33
3,http://financialadvisorheroes.com/celebrity-houses/country-musicians-3?utm_source=taboola&utm_medium=msn-edgedefaulthomepage-canada&utm_campaign=2430987&utm_term=At+86%2C+Country+Music+Legend%2C+Willie+Nelson%2C+Lives+With+His+Partner+In+This+House&utm_content=http%3A%2F%2Fcdn.taboola.com%2Flibtrc%2Fstatic%2Fthumbnails%2F5fbdc371fb32d270d3f66fb7468815f8.jpeg&id=2019-10-13+01%3A38%3A40
5,http://healthygeorge.com/anti-aging/celebrity-couples-murphy?utm_source=taboola&utm_medium=msn-edgedefaulthomepage-canada&utm_campaign=3016848&utm_term=Take+A+Look+At+Who+Tiger+Woods+Is+Dating+Today&utm_content=http%3A%2F%2Fcdn.taboola.com%2Flibtrc%2Fstatic%2Fthumbnails%2F6384cd469a99497c3e704dbd2e5e6291.jpg&id=2019-10-13+01%3A38%3A40
7,http://refinancegold.com/luxury-life-style/luxury-cars-solar-and-hybrid-vehicles-with-special-auto-insurance?utm_source=taboola&utm_medium=msn-edgedefaulthomepage-canada&utm_campaign=2736711&utm_term=At+63%2C+Mel+Gibson+Drives+This+Car+Today&utm_content=http%3A%2F%2Fcdn.taboola.com%2Flibtrc%2Fstatic%2Fthumbnails%2Ff29a31c98677381c0f79ebb053829b02.jpg&id=2019-10-13+01%3A48%3A33
8,http://www.articlesvally.com/food/luke-thill-home?utm_medium=taboola&utm_source=taboola&utm_campaign=ta-av-boy-home-des-ca-10099q&utm_term=msn-edgedefaulthomepage-canada
9,http://www.carnovels.com/worldwide/suvs?utm_medium=taboola&utm_source=taboola&utm_campaign=ta-cn-suvs-des-ca-14099b&utm_term=msn-edgedefaulthomepage-canada
11,http://www.livingly.com/The+Most+Daring+Dresses+In+Emmy+History
12,http://www.lonny.com/Tour+Venus+Serena+Williams'+2.69+Million+Palm+Beach+Gardens+Mansion?utm_source=tabo&utm_medium=cpc&utm_campaign=Tabo-LN-Stories-CA-Desktop-Serena-Venus-Williams-Mansion-2&utm_content=msn-edgedefaulthomepage-canada
13,http://www.mabelandmoxie.com/How+Raising+Kids+Is+Different+When+You're+A+Member+Of+The+Royal+Family?utm_source=tabo&utm_medium=cpc&utm_campaign=Tabo-MM-Stories-CA-Desktop-Raising-Kids-Royal-Family-3&utm_content=msn-edgedefaulthomepage-canada
14,http://www.oxfordcolleges.ca/lpb-toronto-campus/?KW=Universities&AdID=258147732156&MatchType=b&Placement=&gclid=Cj0KCQjw84XtBRDWARIsAAU1aM1aOqJc0GCjswSJyEpj39ABaI0x7eHVcCD9O3bExGhaBQqzm4WxHIMaAoNREALw_wcB
15,http://www.worldemand.com/worldwide/movie-stars?utm_medium=taboola&utm_source=taboola&utm_campaign=ta-wd-70s-stars-des-ca-safe-msn-24099f&utm_term=msn-edgedefaulthomepage-canada
16,https://ads.google.com/intl/en_ca/getstarted/?subid=ca-en-adon-awa-dis-a-fbd!o3~AMsySZZ3haINd6Y0X_78qXNOUNDT~250101549~446051361~77946613~OPTID-2840779&dclid=CjgKEAjw84XtBRDWlt_ep53r4WkSJADyy77jqiGVAuuMCKv_MqM56-4YpB-hgUs409WTlfmKuOlJrfD_BwE
17,https://assetsstock.com/cara-bermain-poker-online-seperti-pemain-profesional/
18,https://assetsstock.com/cara-melakukan-bluffing-yang-benar-saat-bermain-poker-online/
19,https://assetsstock.com/cara-mendapatkan-jackpot-poker-online/
20,https://assetsstock.com/cristiano-ronaldo-vs-lionel-messi/
21,https://assetsstock.com/dan-zack-terus-memimpin-2019-wsop-poy-race/
22,https://assetsstock.com/mainkan-game-baru-poker-android/
23,https://assetsstock.com/mengapa-cara-terbaik-untuk-bermain-ada-di-posisi/
24,https://assetsstock.com/penyebab-withdraw-poker-idnplay-lama-diproses/
25,https://assetsstock.com/pertandingan-pemain-pro-vs-bot-dalam-permainan-poker-online/
26,https://assetsstock.com/the-cincinnati-kid-ambisi-dalam-tournament-legenda-poker/
27,https://assetsstock.com/tips-dan-trik-bermain-domino-di-daftar-situs-poker-online-idn/
28,https://aws.amazon.com/rds/aurora/?&trk=psm_a131L000005vAVYQA2&trkCampaign=pac_q2_0519_FB_Aurora_PDP_AD2B_CA&sc_channel=psm&sc_campaign=pac_q2_2019_paidsocial_FB_Aurora_CA&sc_publisher=FB&sc_category=database&sc_country=CA&sc_geo=NAMER&sc_outcome=PaaS_Digital_Marketing&sc_detail=1200x628&sc_content=PAC-PaaS-P%7CFB%7CSocial-P%7CAll%7CPA%7CDatabase%7CAurora%7CNAMER%7CEN%7CImage%7Cxx%7CAuroraRebuild%7CCanada_Audience&sc_matchtype=xx&sc_segment=PAC-PaaS-P%7CFB%7CSocial-P%7CAll%7CPA%7CDatabase%7CAurora%7CNAMER%7CEN%7CImage%7Cxx%7CAuroraRebuild%7CCanada_Audience%7C2B&sc_medium=PAC-PaaS-P%7CFB%7CSocial-P%7CAll%7CPA%7CDatabase%7CAurora%7CNAMER%7CEN%7CImage%7Cxx%7CAuroraRebuild&fbclid=IwAR33POEphw2EU_z1rk7dNKpdl2coriGLcaykshm5ArSApIlPN4aQYUj9Xho
29,https://bc.ctvnews.ca/paying-for-your-attention-who-s-putting-political-ads-in-your-news-feed-1.4621785
30,https://blog.hubspot.com/marketing/best-advertisements
31,https://blogs.ancestry.ca/cm/do-you-come-from-royalty-your-last-name-may-tell-you/?utm_source=Taboola&utm_medium=cpc&utm_campaign=99540&utm_content=Do+You+Come+From+Royalty%3f+Your+Surname+May+Tell+You._http%3a%2f%2fcdn.taboola.com%2flibtrc%2fstatic%2fthumbnails%2fdb827a4c32f649ce823ceef90438aafe.png&utm_term=msn-edgedefaulthomepage-canada&o_xid=99540&o_lid=99540&o_sch=Content+Marketing
32,https://ca.jetcost.com/en?utm_source=taboola&utm_medium=cpc&utm_content=Image_93_Texte_13&utm_campaign=CA-EN_taboola_F_C_JC_Native_HP-CITY-EDGE_desktop&utm_term=msn-edgedefaulthomepage-canada
33,https://connect.senecacollege.ca/challenge-accepted?utm_source=facebook&utm_medium=cpc&utm_campaign=NEW%3A+FallRecruitment+2019+-+Branded+-+Lookalike&utm_content=Challenge+Accepted+-+Non-Direct+Applicants&utm_ad.name=challenge-accepted-v1&fbclid=IwAR3KkPZJhA28pddc55co5ZhM3l54bDgVzx7r4MidwxzvjUld6asQaUIZf5s
34,https://dictionary.cambridge.org/dictionary/english/advertisement
35,https://en.wikipedia.org/wiki/Advertising
36,https://globelink.ca/digital/
37,https://grizly.com/quizzes/how-handy-are-you-around-the-house-52/?utm_source=taboola&utm_medium=cpc&utm_campaign=aqg_taboola_handysuperquiz_diyinterests_desktop_ron_canada_5_17
38,https://hearing-expert.ca/try-out-this-new-hearing-aid/?cep=CDvF4ETl1s-v9Vyrb0c3ctux7GxM9IeXDqC7juHUN8a02kD2XmaNyBuQnTK5UDkzSwGihEytG0ITo7grsYdcRjg7Y010UfJ0tI6Ck5B63CJeu2UBZ9EKTYTNfxF4TmuuTjtR79njdyqY7xOxm2ePpv03n4hjJBBvnEpQA6XdHgV6WPyghcn2nSfTSF1BItSgbBvNss4o7beL2ePjO7LYKBZ1krlfBeZeMtVNgvR3VxBNymm-qLYGQA0RdrLTl2knDYRztvWmVEHhlbs9FoaompVOxQGfUqr9Dmbkmo9omx4F0VPbyFpt6F0FPURJjKBVKNDehLxMda_qQb8oROkePTgqhzsp_veLATpwjpXsyvKXKRYCoSEHRUI85_AzXjnIbDjrRp4aoHRrUtslNd-57sqLRuL9C1_07DjDVsNS_HvkEV0W64tM5EFX8qkO6Pj3VN5x2OJp6qXUKcfShpIMVryPiQOfFSzltkDjPEGMYwtbsU90L2tH4B5ySJNgxz2kgEQWEkDQByV8r7aee8gIoJi0rd8Ga79mq4UW-sJxQ6qQrk6Vo43o7QGbd-1uopNc9PTOq5Kttiw1Wa3sxdWEaHaWIX6jSkFdyXxczfW1sDTs8NYOBbTAsICW5Aaq0bme&lptoken=15c770da9363238a9110&utm_source=taboola&utm_medium=referral&campaign=%7Bcampaign%7D&thumbnail=http://cdn.taboola.com/libtrc/static/thumbnails/814424c7af6855382ad28697d510cfa4.png&title=Canadians%20born%20Before%201968%20Now%20Eligible%20to%20try%20Hearing%20Aids%20for%20free!&site=msn-edgedefaulthomepage-canada&click_id=CjA1ZTk0YTk0OC00NDI5LTQwYjQtOWRhNi1iZjE5YjdlZjJlYzgtdHVjdDQ5YzA0M2ESFG5ldG9mZXhidi1oZWFyaW5nLXNj
40,https://ittechnology24.com/global-artificial-tendons-and-ligaments-market-2018-lars-neoligaments-xiros-cousin-biotech-fx-solutions/
41,https://ittechnology24.com/global-automatic-palletizer-and-depalletizer-market-2018-abb-columbia-machine-fanuc-kuka/
42,https://ittechnology24.com/global-curved-display-devices-market-2018-samsung-lg-hisense-hp-panasonic/
43,https://ittechnology24.com/global-dibenzofuran-market-2018-cambridge-isotope-nacalai-tesque-kanto-chemical-capot-chemical-atomax-chemicals/
44,https://ittechnology24.com/global-fluoroelastomers-fkm-market-2018-dupont-solvay-3mdyneon-daikin-asahi-glass/
46,https://ittechnology24.com/global-general-flexible-rubber-sheathed-cable-market-overview-2018-by-trend-geographical-region-growth-forecast-2025/
48,https://ittechnology24.com/global-geotechnical-grating-network-market-overview-2018-by-trend-geographical-region-growth-forecast-2025/
49,https://ittechnology24.com/global-liquid-nitrogen-storage-tank-market-2018-chart-mve-thermo-scientific-worthington-industries-statebourne/
50,https://ittechnology24.com/global-magnetite-iron-ore-market-2018-atlas-iron-limited-fortescue-metals-group-iron-ore-company-labrador-iron-mines/
51,https://ittechnology24.com/global-medical-gauze-balls-market-applications-2018/
52,https://ittechnology24.com/global-methanol-market-2018-methanax-sabic-mht-npc-cnpc-petronas-kingboard-datang-international-jiutai-energy/
53,https://ittechnology24.com/global-multichannel-inventory-control-software-market-2018/
54,https://ittechnology24.com/global-plastic-tube-cutter-market-2018-candan-makina-yedek-parca-san-ve-tic-ltd-sti-carl-kammerling-international-ltd-2/
55,https://ittechnology24.com/global-publishing-and-subscriptions-software-market-2018-2/
56,https://ittechnology24.com/global-sodium-borohydride-market-2018-vertellus-kemira-guobang-pharmaceutical-mc-huachang-nantong-hongzi/
57,https://ittechnology24.com/global-stationary-barcode-scanners-market-research-report-2018-by-type-application-industry-size-and-regions-forecast-2025/
58,https://ittechnology24.com/global-web-to-print-software-market-2018-top-manufacturers/
59,https://ittechnology24.com/global-webinar-software-market-2018-top-manufacturers/
60,https://marketingcorrect.com
61,https://monday.com/lp/multi/gbspreadsheet/?utm_source=facebook&utm_banner=fbm_MayaAndJon_Dynamic_gbspreadsheet&utm_campaign=GroupCA-InitiateCheckout-24%7E55-All-CA_InitiateCheckout_180Days-LAL3-Mobile_iOS-Auto-fbm_MayaAndJon_Dynamic_gbspreadsheet-1&utm_campaign_id=23843682775640561&bb_uniq=0a6dcc67&utm_sub_id=23843682775630561&fbclid=IwAR34au3DO_NhhV8S7B9QHNs0sB7y0pY78T4_V6dzB7uDZVE0kXdPpvuy0WU
62,https://mortgageinsurancegroup.ca/?utm_source=Taboola&utm_medium=Banner&utm_content=10&utm_source=taboola&utm_medium=referral
63,https://nbpostgazette.com/2-birmingham-police-officers-injured-robbery-suspect-died-in-cross-fire/
64,https://nbpostgazette.com/45th-g7-summit-2019-trump-wants-russia-to-be-readmitted-to-g7/
65,https://nbpostgazette.com/an-ultimate-witness-confronts-the-drug-lord-el-chapo-tried-to-kill-me-said-witness/
66,https://nbpostgazette.com/android-1-0-to-android-10-heres-how-googles-os-changed-over-time/
67,https://nbpostgazette.com/artemis-fowl-release-date-cast-plot-trailer-and-everything-you-need-to-know/
68,https://nbpostgazette.com/audio-video-mixer-heres-everything-you-need-to-know/
69,https://nbpostgazette.com/bernie-sanders-reveals-plans-to-eliminate-all-student-debt-of-45-million-americans/
70,https://nbpostgazette.com/big-bash-league-full-schedule-time-venue/
71,https://nbpostgazette.com/bitcoin-crosses-10000-mark-for-the-first-time-in-15-months/
72,https://nbpostgazette.com/black-widow-movie-release-date-cast-plot-trailer-and-much-more/
73,https://nbpostgazette.com/brown-rice-vs-white-rice-which-is-the-healthier-option/
74,https://nbpostgazette.com/california-garlic-festival-shooting-three-dead-suspect-killed-in-shooting/
75,https://nbpostgazette.com/capital-one-data-breach-2019-affects-more-than-100-million-customers/
76,https://nbpostgazette.com/cnn-second-democratic-presidential-debate-time-date-format-lineup/
77,https://nbpostgazette.com/democratic-debate-2019-upcoming-schedule-highlights-video-who-won-the-debate/
78,https://nbpostgazette.com/doctor-sleep-release-date-cast-plot-trailer-and-other-things-about-the-movie/
79,https://nbpostgazette.com/download-and-install-android-apps-on-chromebook/
80,https://nbpostgazette.com/download-instagram-images-and-other-contents/
81,https://nbpostgazette.com/download-morph-tv-apk/
82,https://nbpostgazette.com/facebook-posts-can-reveal-various-health-issues-according-to-a-study/
83,https://nbpostgazette.com/facebook-whatsapp-instagram-services-restored-after-facing-global-outage-for-9-hours/
84,https://nbpostgazette.com/funimate-video-editor-heres-everything-you-need-to-know/
85,https://nbpostgazette.com/global-t20-league-canada-teams-players-squads-broadcast-details-schedule/
86,https://nbpostgazette.com/here-are-some-easy-ways-to-get-free-instagram-followers/
87,https://nbpostgazette.com/here-are-some-magical-health-benefits-of-bitter-gourd-or-bitter-melon/
88,https://nbpostgazette.com/here-are-the-list-of-top-8-best-movies-according-to-imdb/
89,https://nbpostgazette.com/here-are-the-national-burger-day-best-deals-offers-and-freebies/
90,https://nbpostgazette.com/here-is-how-to-download-vimeo-videos-full-guide/
91,https://nbpostgazette.com/heres-everything-you-need-to-know-about-android-10/
92,https://nbpostgazette.com/how-to-download-mobdro-app-for-pc-laptop-windows/
93,https://nbpostgazette.com/icc-world-cup-2019-final-england-win-super-over-thriller-at-lords-against-new-zealand/
94,https://nbpostgazette.com/icc-world-cup-2019-india-vs-new-zealand-semi-final-to-resume-on-wednesday-chances-of-rain-on-reserve-day-too/
95,https://nbpostgazette.com/icc-world-cup-2019-new-zealand-vs-england-final-match-new-zealand-can-use-experience-to-defeat-england/
96,https://nbpostgazette.com/instagram-vs-facebook-top-5-reasons-explaining-instagram-will-overtake-facebook/
97,https://nbpostgazette.com/joker-movie-release-date-cast-plot-and-everything-to-know/
98,https://nbpostgazette.com/last-christmas-release-date-plot-writer-director-cast-trailer-other-details/
99,https://nbpostgazette.com/lok-sabha-election-2019-phase-2-voting-held-on-april-18-heres-the-major-highlight/
100,https://nbpostgazette.com/lok-sabha-election-dates-schedule-phase-wise-breakup-and-much-more/
101,https://nbpostgazette.com/lok-sabha-election-india-2019-live-updates-news-statistics-and-results/
102,https://nbpostgazette.com/lok-sabha-election-results-2019-live-vote-counting-result-winner-party-and-candidates-names/
103,https://nbpostgazette.com/lok-sabha-elections-2019-major-highlights-and-live-updates-of-phase-3-voting/
104,https://nbpostgazette.com/lok-sabha-elections-prediction-who-will-win-the-lok-sabha-elections/
105,https://nbpostgazette.com/man-killed-his-teenage-girlfriend-then-shared-photos-of-her-body-on-a-gaming-platform/
106,https://nbpostgazette.com/mortal-kombat-x-on-pc-download-the-game-using-bluestacks/
107,https://nbpostgazette.com/mysubwaycard-rewards-program-heres-everything-you-need-to-know/
108,https://nbpostgazette.com/national-cheese-day-quotes-messages-and-top-best-ways-to-celebrate/
109,https://nbpostgazette.com/national-cheeseburger-day-here-are-some-great-deals-for-you/
110,https://nbpostgazette.com/netflix-mod-apk-download-latest/
111,https://nbpostgazette.com/nypd-criticise-videos-showing-officers-pelted-with-objects-drenched-with-water-called-it-reprehensible/
112,https://nbpostgazette.com/planning-to-buy-libra-go-through-all-the-recent-developments/
113,https://nbpostgazette.com/polls-2020-from-trump-to-sanders-where-the-us-outlooks-on-candidates-in-election/
114,https://nbpostgazette.com/president-trump-slams-paul-ryan-in-late-night-tweet-for-atrocious-record/
115,https://nbpostgazette.com/presidential-election-2020-celebrities-reaction-to-the-first-democratic-primary-debate/
116,https://nbpostgazette.com/rahul-gandhi-vs-smriti-irani-who-will-win-in-amethi-in-2019-lok-sabha-election/
117,https://nbpostgazette.com/skycoin-sky-market-cap-touches-26-57-million/
118,https://nbpostgazette.com/small-number-of-tanks-at-trumps-fourth-of-july-event-participate-as-part-of-a-static-display/
119,https://nbpostgazette.com/snapchat-for-pc-here-is-how-to-download-and-install-the-application/
120,https://nbpostgazette.com/snaptube-apk-for-download-best-videos-and-music/
121,https://nbpostgazette.com/spotify-premium-apk/
122,https://nbpostgazette.com/terminator-dark-fate-release-date-cast-plot-rating-and-everything-to-know/
123,https://nbpostgazette.com/the-mandalorian-release-date-cast-trailer-story-and-everything-you-need-to-know/
124,https://nbpostgazette.com/third-2020-democratic-primary-debate-highlights-and-live-updates/
125,https://nbpostgazette.com/thor-love-and-thunder-release-date-cast-news-trailer-everything-you-need-to-know/
126,https://nbpostgazette.com/top-5-best-kissanime-alternatives/
127,https://nbpostgazette.com/top-8-social-media-marketing-tips-by-pros-you-must-need-to-know/
128,https://nbpostgazette.com/top-best-download-manager-for-android/
129,https://nbpostgazette.com/top-ten-nations-with-the-maximum-fossil-fuel-production/
130,https://nbpostgazette.com/trump-blows-bitcoins-facebooks-libra-demands-for-banking-regulation/
131,https://nbpostgazette.com/viber-messaging-app-review/
132,https://nbpostgazette.com/videoshow-video-editor-review/
133,https://nbpostgazette.com/vitality-t20-blast-2019-full-schedule-venues-squad-tv-live-streaming/
134,https://nbpostgazette.com/wandavision-release-date-cast-plot-trailer-and-everything-you-need-to-know/
135,https://nbpostgazette.com/who-is-pewdiepie-heres-everything-you-need-to-know-about-this-youtube-star/
136,https://nbpostgazette.com/zoosk-online-dating-platform-review-pros-cons-and-true-verdict/
137,https://newsforever.net/anchor-salary-br-2/?cep=4e9HCqqvkHCp8E0aN4iMA_LaIVBn12i7CiFnGuSVUk2vi1uREh8AXUoXsfDmnDiQN-uAI_sC2Tzs3IYQGAbuvpZeAUTzO8npkjtjQmFZOvrp443gIsVzR8mjBiP1UCh1vtNSc3HnC2Zgi0sTRurW9z0nMLMZqRBS8y80jYHcmanpihPrNzAsstNB39eVThXs5koNzu5AP6yRauPiSCK2mOpS2_5ubVSEVPd81AwpgR4ABnlAyqWa7L7kV1UGlofvEp5wEQMjhaCDmrtVmzF45w5E35cU_IiVjQyAMHtk-__mLo51uV2jsOXD8o_xmVZNBh0jL8PBgD1yWZ0-Pns3s9WPita7NlnOQtuJj1DVwNlwubMdXSFOCOGUOngVk-he3XkZzkUcwEGNIxRDCXZ8T7KoYaz9l9kQTKhy2IoDgas1FEQK2B2hdAH5Ma_kxpHLtYnh5Ec-acj5lvGd-pW829GimU2w81mRY3UAF6fkYESyl0fuPTKHR8UXBOA3tLvSaO5TqWEy5X7JtXE_GflKKSFVvqO0QdsgRMBBJNxyTkxr5uuMJ2uJybfkiZp6gCEO&lptoken=15c1707293f425bc08b1&_event=2c7bda23a1b6658dc394c409527b15e6&utm_source=msn-edgedefaulthomepage-canada&utm_medium=http://cdn.taboola.com/libtrc/static/thumbnails/1e4f693c47a0dcbcb03fc3c49fcbd3ba.jpg&utm_title=Check%20Out%20News%20Anchor%E2%80%99s%20Annual%20Salary
138,https://nowtoronto.com/food-and-drink/drinks/toronto-best-new-bars-2019/
139,https://nowtoronto.com/food-and-drink/drinks/torontos-best-bars-2019/
141,https://nowtoronto.com/food-and-drink/food/black-ice-cream-toronto/
142,https://nowtoronto.com/food-and-drink/food/game-of-thrones-bar-toronto/
143,https://nowtoronto.com/food-and-drink/food/heathy-takeout-toronto/
144,https://nowtoronto.com/food-and-drink/how-to-make-“local”-more-than-a-buzzword/
145,https://nowtoronto.com/food-and-drink/toronto-best-restaurant-and-bar-guides
146,https://nowtoronto.com/food-and-drink/toronto-best-restaurant-and-bar-guides/toronto-best-new-bars-2018/
147,https://nowtoronto.com/food-and-drink/toronto-best-restaurants-2018/
148,https://nowtoronto.com/lifestyle/advice/freewill-astrology-week-of-october-3/
149,https://nowtoronto.com/lifestyle/love-your-body/danielle-dentremont-journalist/
150,https://nowtoronto.com/lifestyle/love-your-body/love-your-body-2019-introduction/
151,https://nowtoronto.com/lifestyle/love-your-body/shirzana-mitha-nurse-double-lung-transplant-recipient/
152,https://nowtoronto.com/locations/st-lawrence-market-south/
153,https://nowtoronto.com/music/album-reviews/dwayne-gretzky/
154,https://nowtoronto.com/music/album-reviews/pretty-matty/
155,https://nowtoronto.com/music/features/10-toronto-albums-to-hear-this-fall/
156,https://nowtoronto.com/music/features/jeremy-dutcher/
157,https://nowtoronto.com/music/features/orville-peck-interview-cover-story/
158,https://nowtoronto.com/music/songs-of-heaven-ago-owen-pallett-cris-derksen-rubens/
159,https://nowtoronto.com/music/songs-of-nick-drake/
160,https://nowtoronto.com/music/the-national-matt-berninger-u-s-girls-shad-dream-serenade/
161,https://nowtoronto.com/news/letters-to-the-editor/ago-heritage-preservation-reconciliation-morrissey/
162,https://nowtoronto.com/stage/theatre/hilot-means-healer-simalaya-alcampo-cahoots/
163,https://om.forgeofempires.com/foe/us/?ref=tab_us_ca_wl&&external_param=71134443&pid=msn-edgedefaulthomepage-canada&bid=71134443
164,https://pages.databricks.com/201805-EB-Mini-eBook-1-Under-The-Hood_landing.html?utm_source=google&utm_medium=cpc&utm_campaign=displayrmktg&gclid=Cj0KCQjw84XtBRDWARIsAAU1aM0vE58By9-OSiDbUrAxibctoDAPqP4DFtxU4LBjYgk27BynObcVJ84aAknVEALw_wcB
165,https://smallbiztrends.com/2018/12/funding-a-small-business.html
166,https://smallbiztrends.com/2019/01/business-credit-reporting-agencies.html
167,https://smallbiztrends.com/2019/01/business-loan-with-bad-personal-credit.html
168,https://smallbiztrends.com/2019/01/get-a-loan-in-a-bear-market-small-business.html
169,https://smallbiztrends.com/2019/01/online-lenders.html
170,https://smallbiztrends.com/2019/01/where-to-get-a-small-business-loan.html
171,https://smallbiztrends.com/2019/02/business-financing.html
172,https://smallbiztrends.com/2019/02/december-2018-small-business-lending-index.html
173,https://smallbiztrends.com/2019/02/how-to-get-a-small-business-loan-intro.html
174,https://smallbiztrends.com/2019/04/impact-of-your-business-credit-score.html
175,https://smallbiztrends.com/2019/06/how-long-does-it-take-to-get-a-business-loan.html
176,https://smallbiztrends.com/2019/06/language-translator-devices.html
177,https://smallbiztrends.com/2019/06/most-profitable-vending-machines.html
178,https://smallbiztrends.com/2019/07/business-letter-templates.html
179,https://smallbiztrends.com/2019/07/facebook-live-tips.html
180,https://smallbiztrends.com/2019/07/facebook-places.html
181,https://smallbiztrends.com/2019/07/free-business-card-templates.html
182,https://smallbiztrends.com/2019/07/how-11-simple-social-media-marketing-tools-helped-me-succeed.html
183,https://smallbiztrends.com/2019/07/improve-customer-service-using-social-media.html
184,https://smallbiztrends.com/2019/07/instagrammable-small-business.html
185,https://smallbiztrends.com/2019/07/is-influencer-marketing-worth-it.html
186,https://smallbiztrends.com/2019/07/q2-2019-private-capital-access-index.html
187,https://smallbiztrends.com/2019/07/simple-project-plan-template.html
188,https://smallbiztrends.com/2019/07/storage-hacks-for-home-office.html
189,https://smallbiztrends.com/2019/08/30-great-instagram-quiz-questions-to-help-promote-your-business.html
190,https://smallbiztrends.com/2019/08/event-management-software-and-apps.html
191,https://smallbiztrends.com/2019/08/facebook-chatbots-for-business.html
192,https://smallbiztrends.com/2019/08/facebook-libra-facts.html
193,https://smallbiztrends.com/2019/08/famous-sports-quotes-to-inspire-your-team-to-success.html
194,https://smallbiztrends.com/2019/08/influencer-marketing-benchmarks.html
195,https://smallbiztrends.com/2019/08/instagram-removing-like-counts.html
196,https://smallbiztrends.com/2019/08/instant-messaging-apps.html
197,https://smallbiztrends.com/2019/08/twitter-hacks.html
198,https://smallbiztrends.com/2019/08/willing-to-pay-for-free-apps.html
199,https://smallbiztrends.com/2019/09/2020-customer-service-trends.html
200,https://smallbiztrends.com/2019/09/calm-down-before-a-presentation.html
201,https://smallbiztrends.com/2019/09/cost-cutting-hacks-for-small-businesses.html
202,https://smallbiztrends.com/2019/09/employee-theft.html
203,https://smallbiztrends.com/2019/09/employee-uniform.html
204,https://smallbiztrends.com/2019/09/facebook-messenger-tags.html
205,https://smallbiztrends.com/2019/09/hours-worked-statistics.html
206,https://smallbiztrends.com/2019/09/how-do-workers-in-your-business-get-rewarded.html
207,https://smallbiztrends.com/2019/09/humble-leadership.html
208,https://smallbiztrends.com/2019/09/in-office-event-ideas.html
209,https://smallbiztrends.com/2019/09/is-employee-stock-ownership-plan-right-for-my-business.html
210,https://smallbiztrends.com/2019/09/new-fiverr-design-categories.html
211,https://smallbiztrends.com/2019/09/stress-relief-coloring-book.html
212,https://smallbiztrends.com/2019/09/team-outing-ideas-small-business.html
213,https://smallbiztrends.com/2019/09/team-stress-management.html
214,https://smallbiztrends.com/2019/09/value-of-a-mentor.html
215,https://smallbiztrends.com/2019/09/where-to-find-instagram-influencers.html
216,https://smallbiztrends.com/2019/09/working-for-the-common-good.html
217,https://smallbiztrends.com/2019/09/workplace-harassment.html
218,https://smallbiztrends.com/2019/10/10-expert-tips-to-help-you-learn-and-grow-as-a-business-owner.html
219,https://smallbiztrends.com/2019/10/10-ways-to-continue-learning-as-a-small-business-owner.html
220,https://smallbiztrends.com/2019/10/aviation-marketing-strategies.html
221,https://smallbiztrends.com/2019/10/become-indistractable.html
222,https://smallbiztrends.com/2019/10/business-startup-resources.html
223,https://smallbiztrends.com/2019/10/how-to-handle-bad-customers.html
224,https://smallbiztrends.com/2019/10/imposter-syndrome.html
225,https://smallbiztrends.com/2019/10/instagram-threads-app.html
226,https://smallbiztrends.com/2019/10/native-american-entrepreneurs.html
227,https://smallbiztrends.com/2019/10/stand-out-on-social-media.html
228,https://smallbiztrends.com/2019/10/tinyfrog-technologies.html
229,https://smallbiztrends.com/business-gift-giving
230,https://smallbiztrends.com/business-structure-quiz
231,https://smallbiztrends.com/category/economic-trends
232,https://smallbiztrends.com/category/small-business-loan/page/2
233,https://smallbiztrends.com/category/social-media
234,https://smallbiztrends.com/close-sales-quickly
235,https://smallbiztrends.com/docs/microsoft/Tips_to_Protect_Your_Business_from_Cybercrime_Microsoft_eBook.pdf?v=3
236,https://smallbiztrends.com/energy-tax-savings-free-ebook
237,https://smallbiztrends.com/franchise-guide
238,https://smallbiztrends.com/how-to-fix-your-credit
239,https://smallbiztrends.com/incorporate-a-business-guide
240,https://smallbiztrends.com/one-page-marketing-plan
241,https://smallbiztrends.com/qualify-small-business-loan
242,https://smallbiztrends.com/research-your-business
243,https://smallbiztrends.com/small-business-credit-score
244,https://smallbiztrends.com/small-business-loan
245,https://smallbiztrends.com/social-media-calendar-template-business
246,https://smallbiztrends.com/tag/automotive
247,https://smallbiztrends.com/tag/business-ideas
248,https://smallbiztrends.com/tag/franchise-opportunities
249,https://smallbiztrends.com/tag/healthcare
250,https://smallbiztrends.com/what-is-digital-knowledge-management
251,https://smartfinances.co/car-deals/weird-trick-dealers-use/y/?cep=hIMjNmhQCYoO43qYj9HlyO-9KYkqxBXpXMTzV-l5OpUD5kVhnTLFtdcJeIhc0lTyf5aXvZ7RPs9LQYpIwgqWHrjTdX4kihmQXgb-jOAjP06qHU54DdEZy5tQHFWlze0nysgG5d3nxbQWxCZStOy-hAOmJmoj-Tpgjp5Ybp6VKhl3SebWqYmJg5DPn05nM4wO5lxw5xB3DJW0Ll4T4XWYUu3HL6iQ8MLUifJItS3mdmhmXz0TNKWoFF_NVXKywcAE8FBxOhpWC6YZcfquaI_oj54oFHXFoVZ5EAAFxr9FENCkRG9setIkRvjMSX_TtwzsxEjUlbwjs5gS2jzH3Kk5gfzSJm87UOb8XA6FVyjcAeUHpgRy5fokgv22uYE413yLc9BLBaDh_JHdKRSq1IHrSWmlnTL_x3RqlDekyAsHXMP19N9OnluApDGJRp6-6VBSHIrGdcr_z6q5hGorBunpHX3FUgmfZRkFy3oT_4wDcoWDjTv4sGdIKm0eL6MdwIRkwir_XT8i9kleJcUxe9hwEYBVPv6321FFp0stmt_UsIY&lptoken=1511704493f367b50719&click_id=CjA1ZTk0YTk0OC00NDI5LTQwYjQtOWRhNi1iZjE5YjdlZjJlYzgtdHVjdDQ5YzA0M2ESKHRhYm9vbGFhY2NvdW50LXdlc2VsY25ldGNsaWNrc2VydmljZXNjb20&site=msn-edgedefaulthomepage-canada&site_id=1053574&title=Unsold%20Cars%20For%20Sale%20to%20Those%20In%20Toronto&platform=Desktop&campaign_id=3006221&campaign_item_id=2836754317&thumbnail=https://i.imgur.com/GSGzwbk.png
252,https://smartideas.pro/indexca.html?uclick=zwhotwdz
253,https://specialtylifeinsurance.ca/final-expense-plan.html?utm_source=NewTaboola&utm_medium=Banner2&utm_source=taboola&utm_medium=referral
254,https://specialtylifeinsurance.ca/final-expense-plan.html?utm_source=Taboola&utm_medium=Banner&utm_source=taboola&utm_medium=referral
255,https://techdiscountdeals.com/super-boost/?c=Canada&c1=CA&ver=7&cep=GSKN7hBAkBJikR9lVFAKGBJ9uGKWHa_PCJgYtj9HKHuT2-QEnEXVZsdywTxHMS79TlHUwhKqlbdgXXlaxYaQbz9QV33t0HiTzVXtnM1hqHI9WeFOkYSKatYr62FcNV9DhoyG9tAiqQJ9GzHsPLDjHTpuCQskyXFg5eKFIkCZjZFDrkCPdJoFr8Yr0B5F-xa3u4xPqFIArpYG7RCBYNBZo-71A5PCbeuzzbH7E1BCSuYn5otnSetP_0PM82fYXUtId8cdOVJuwXpVndvL1WSauh2-GcFdQjL4jt0YSznij4GJ1ptV6US18MOtKfJfV83jOIq1vNNmd-hSG2_hKD2uq8WjCGrXfWlIsDOxXcVBM6HmHD1i7TgJTAZkLifJ41Q3UJfcdWZ5HONbiguqGaWQj7YmwqOZh11-M5MRI9Fzye_71h2fzERwDcVTOW8wkjxYt_kHyNW7HrR_zT0FxGIZNCg3uZErSFU6uRlQZUNKLqzNjZJuM79rY-nbjX8bj3NKY2QZOyDN_RlIWMuKhAF4j9H7QSC6788-1CpLODwhNXVELs0a72gyRk5QNRirDWVOXjcN60vfkOjqQJrCszFkv_ejqS_DWmC8YrxPqpJR1vwetaE9f3giTOlQmoWE9k0M-BEd6mpDQJMi6l4VPttByIDKE393nVPO_BXb3eJRR2c-IiQK2VprxCxv6T2ti3hS_VFgePwHiAeqip4hm7z6pRnZqwMmYbC6I9vTK0rKM3iEDOTLr7mEH1XI0jFACSSskQpUEdLYDcq0NG9wLzMdzasIXsszcLnfzyg2hSvvSdJ7KcBoV8CGY7i50Dslsbl7&lptoken=15b3703893a1247026cd&i=superboost-coffetable-sidewhite&t=Ultra%20Fast%20WiFi%20Booster%20Flying%20Off%20Shelves%20In%20$%7Bcountry:capitalized%7D$&TaboolaClickId=CjA1ZTk0YTk0OC00NDI5LTQwYjQtOWRhNi1iZjE5YjdlZjJlYzgtdHVjdDQ5YzA0M2ESOHRhYm9vbGFhY2NvdW50LWFnZW5jeS1jbGllbnQtMWdsb2JhbGltcGFjdGFkdmVydGlzaW5nY29t&site=msn-edgedefaulthomepage-canada&sid=1053574&cid=2157176&aid=2157176%7C%7C230855502&rd=11&a=Ultra%20Fast%20WiFi%20Booster%20Flying%20Off%20Shelves%20In%20$%7Bcountry:capitalized%7D$%7C%7Csuperboost-coffetable-sidewhite&a=Ultra%20Fast%20WiFi%20Booster%20Flying%20Off%20Shelves%20In%20$%7Bcountry:capitalized%7D$%7C%7Csuperboost-coffetable-sidewhite&cw=2157176%7C%7Cmsn-edgedefaulthomepage-canada
256,https://toronto.locanto.ca/ID_3576143824/Enjoy-Free-Business-Coaching-By-Fenol-E.html
257,https://toronto.locanto.ca/ID_3798173198/Prepare-yourself-for-Tomorrow-s-Career-Challenges.html
258,https://toronto.locanto.ca/ID_3798175204/With-technology-being-upgraded-almost-faster-than.html
259,https://toronto.locanto.ca/ID_3803861653/Dance-class.html
260,https://toronto.locanto.ca/ID_3811242509/Upgrade-your-Programming-Analytical-skills-by-SAP-PI.html
261,https://toronto.locanto.ca/ID_3839188636/Best-Assignment-Writing-Help-in-Canada.html
262,https://toronto.locanto.ca/ID_3846604301/Is-It-Worth-to-Become-A-SAP-MDG-Consultant-Lead.html
263,https://toronto.locanto.ca/ID_3846608349/Upgrade-your-skills-to-SAP-Plant-Maintenance-online-training.html
264,https://toronto.locanto.ca/ID_3950474226/Kick-start-your-career-with-SAP-PROCESS-INTEGRATION.html
265,https://trendingdiscountsource.com/infinitikloud/?c=Canada&c1=CA&ver=7&cep=kI7mvLgbxENdSHTilQGNfegXScNSj4L_0eu8_HGZwEAZMGJCs2Csx92inHNVpFTvM1HegHYMqGYSI0OD8Rvz1GAH1yKk9prXHg1HvTjXLA7eAd2snIGk1OCki_R2sk594Z6cBFHcQYSQGa06F8jWyRGoW8mE0aZ85d71lGAp1CJWAKb8amNtKoG6_vRt-R5d5ux21ga0Zr-Vdrufl7GZaGB7M89gapPVopz2Zhr94RA12IXp5a_7gJu1HiDO6m4SgkrM9XnHSqOdWwxAnHMBTiBgPy9B-Nr51fND5D1h6d_J_grJbBA8Rpb5I_aM3l5Hc216ck-d4SB8t26Y4YGXi_HASIdrLXT7fxNMaSfKP4ieoDB7HJuEX1QoIcAQzjIrxBzfgaI_0FqGueWaRJ6auqjtJXVBMVMFVYUiStOXguzRRlKCyntatkwc_hE1fS4hnVrXzD4wxmzGrzQNc3fSXeWnaLhjI6s7DsDhv9AE2ZKE16KP1e_Pr2hx66R86TgfN3BJT4_em6ecHXjTgmoU1bpdLw0m8XwXktsh1ZvUhglJewYXnrUba7qxRrFVlVDOkJRl_wApTAnOpRzO-LRRpKUg7oaWaBxOWVOe6T_LfnQyFs9kDnhzl7O8M2hqOzoI0DnAEdnRPrIPlcmG775bJQMAPeJUmDAKFSJoDXQtdgwr9VSBPMt98LtzKcILh5RKHo4VQKoFqvgYlkBXdyfhjCW0lLLS62D8yQJb-rYxTJcdwq_qVH71tPbTvf3OfSBP_Q1_Mep2Nkptke7bc85FvA&lptoken=15dd7055930729f20735&i=infinity-system-failure-uwhfiw9d&t=Backup%20Your%20Entire%20Computer%20In%20One%20Click%20With%20This%20Device&TaboolaClickId=CjA1ZTk0YTk0OC00NDI5LTQwYjQtOWRhNi1iZjE5YjdlZjJlYzgtdHVjdDQ5YzA0M2ESD2dpYy1zdGFydGVjaC1zYw&site=msn-edgedefaulthomepage-canada&sid=1053574&cid=2904349&aid=2904349%7C%7C2835919672&rd=17&a=Backup%20Your%20Entire%20Computer%20In%20One%20Click%20With%20This%20Device%7C%7Cinfinity-system-failure-uwhfiw9d&a=Backup%20Your%20Entire%20Computer%20In%20One%20Click%20With%20This%20Device%7C%7Cinfinity-system-failure-uwhfiw9d&cw=2904349%7C%7Cmsn-edgedefaulthomepage-canada
266,https://weeklypenny.com/casinos-declare-war-on-web-social-casino-game-after-new-jersey-woman-uses-one-for-a-huge-progressive-jackpot-win.php?aff=1561&sub=MFRB_Slotomania_Crying_Test&pub=EC59734E6CDF15BD078EADE38D7CC409&aux=&xcode=6e96d3b3-fa8c-42cd-b99f-bd1fcede1708&ver=Casinos%20Declare%20War%20on%20Web%20Social%20Casino%20&aff_unique1=
267,https://weeklypenny.com/casinos-declare-war-on-web-social-casino-game-after-new-jersey-woman-uses-one-for-a-huge-progressive-jackpot-win.php?aff=1561&sub=MFRB_Slotomania_Crying_Test&pub=EC59734E6CDF15BD078EADE38D7CC409&aux=&xcode=8bd305d6-3fe3-4090-9a08-936f0aa574b8&ver=Casinos%20Declare%20War%20on%20Web%20Social%20Casino%20&aff_unique1=
268,https://www.atera.com/land/rmm-software/?utm_source=facebook&utm_campaign=cld-Demo-topic&utm_adgroup=230&utm_keyword=230-donald2&utm_content=donald2&utm_medium=cld&source=facebook&campaign=cld-Demo-topic&adgroup=230&keyword=230-donald2&content=donald2&medium=cld&fbclid=IwAR2E8Avn00K4_Wt2To2PG-C6eh3Uv69OdLKaP6HtfQFueAshkpSOwNYRvIo
269,https://www.blogto.com/city/2019/10/you-can-see-tons-salmon-jumping-through-toronto-rivers/?fbclid=IwAR3t15YResr7TKcYQ6EsBtloTv2MYVr27Fe70MJ4hjZTYv9h-Cfp2oBtJks
270,https://www.cdicollege.ca/?adkey=003702&gclid=Cj0KCQjw84XtBRDWARIsAAU1aM3JvDpUk1cILEVcPGpRkc4XkzXpo0gTlPce6BYFCR8tWTW1stnS14waAsr3EALw_wcB&adkey=003702&gclid=Cj0KCQjw84XtBRDWARIsAAU1aM3JvDpUk1cILEVcPGpRkc4XkzXpo0gTlPce6BYFCR8tWTW1stnS14waAsr3EALw_wcB
271,https://www.daily-choices.com/20-of-the-worlds-scariest-bridges/?utm_source=245&utm_medium=taboola&utm_term=msn-edgedefaulthomepage-canada&utm_content=The+World%27s+30+Most+Impressive+Bridges&utm_campaign=201902101201491x0xdefault_1856166
272,https://www.editorchoice.com/foods-high-blood-pressure/
273,https://www.ezoic.com/what-is-ezoic/
274,https://www.finance101.com/stunning-celebrity-homes/?utm_source=ouins&utm_campaign=00637aba890a7af849de2210c323a82062&utm_term=MSN+Canada_EN+%28PREMIUM+Header+Bidding%29_MSN+-+EN-CA+-+Edge+Homepage+-+PREMIUM+Header+Bidding_0074c17241e5d1263f9793a554371dd360&utm_request=5e2f5867ed5911e9bd5b11e33676af3d&utm_content=newnext&utm_medium=MSN_SAFE_Da_OS_F101_CA_D_CelebHomes_v1_1010&dicbo=v1-040ca7229aec02277984ff7f6afb75b5-00b3ba81eca22e12a36963919522acf43d-my3tcmjsmeydollegi4gkljuhe3tillcg4zdmljvgbswmnbug43wgntcgm
275,https://www.finance101.com/wealthy-country-music-stars/?utm_source=talas&utm_campaign=Tc_TS_F101_CA_D_CountryStars_v4_1809-30+Of+The+Richest+Country+Singers%2C+Ranked-https%3A%2F%2Fstorage.googleapis.com%2Fcaw-uploads%2Fd951f4c828628d06e7a15f7cba342d40.jpeg&utm_term=msn-edgedefaulthomepage-canada&utm_medium=Tc_TS_F101_CA_D_CountryStars_v4_1809&utm_content=newnext
276,https://www.hsbc.ca/credit-cards/offers/hsbc-plus-rewards/?cid=PPG0000341&gclid=CLnGyN2MmOUCFQiaswodw4IKvw&gclsrc=ds
277,https://www.joinhoney.com/g-blog/the-secret-online-shopping-perk-you-dont-know-2/?utm_source=edge&utm_medium=dis&utm_campaign=Edge_CA_190924_NativeAdRotation-CA_IllustratedMultiPackages_9818_GhostJuneIllustratedMultiPackagesCA-B&utm_content=GhostJuneIllustratedMultiPackagesCA-B&from=r
278,https://www.kijiji.ca/v-renovation-cabinet-counter/city-of-toronto/25sq:ft-quartz-granite-kitchen-countertops-1000s-color/1434231067?enableSearchNavigationFlag=true
279,https://www.kijiji.ca/v-renovation-cabinet-counter/city-of-toronto/maple-solid-wood-kitchen-cabinets-best-price-guaranteed/1351856669?enableSearchNavigationFlag=true
280,https://www.kijiji.ca/v-renovation-cabinet-counter/city-of-toronto/quartz-kitchen-countertops-biggest-showroom-1-voted/1441702599?enableSearchNavigationFlag=true
281,https://www.msn.com/en-ca/entertainment/movies/memorable-female-villains-on-screen/ss-AAICsQB?ocid=spartandhp
282,https://www.msn.com/en-ca/lifestyle/shopping/23-trending-electronics-on-amazonca/ss-BBQxPbd?ocid=spartandhp
283,https://www.root9b.com/training/?utm_source=facebook&utm_medium=paidsocial&utm_campaign=webtraffic&utm_term=training&utm_content=h2&fbclid=IwAR3RWL04z7lFynuxsNAciE1AJs5OjnER0RxGK9qri8Laj96zLr6af97Sdjc
284,https://www.sogoodly.com/a-couple-gave-birth-to-the-most-beautiful-twins-ever/?utm_source=taboola&utm_medium=cpc&utm_term=msn-edgedefaulthomepage-canada&utm_campaign=2488262&utm_content=253178125&utm_campaign_widget=2488262-msn-edgedefaulthomepage-canada
285,https://www.sogoodly.com/retired-mathematician-restores-log-cabin/?utm_source=taboola&utm_medium=cpc&utm_term=msn-edgedefaulthomepage-canada&utm_campaign=2397015&utm_content=243709468&utm_campaign_widget=2397015-msn-edgedefaulthomepage-canada
286,https://www.sync.com/your-privacy/?utm_source=taboola&utm_medium=referral&_m=5i3
287,https://www.thefreedictionary.com/commercial
288,https://www.trueself.com/stop-washing-with-shampoo-2640918841.html
289,https://www.trueself.com/why-hellofresh-is-so-big-in-canada-2590207270.html?&utm_campaign=CA_0_PC_PRO_BRO_LC_DIS-AMT-40-1_MN_GeistM_MN_A_CoupleCan_TrueSelf_MNRiver0901&utm_content=cheesebowl&utm_medium=geistm&utm_source=msn&c=GEISTM-5LR2
290,https://www.tungstenfashions.com/tungsten-rings.html?titanium-mobile
291,https://www.visitcaymanislands.com/en-ca/only-in-cayman/fall?utm_source=FOIC19&utm_medium=300x600&utm_campaign=WELLNESSAC
292,https://www.winners.ca/en
293,https://www.wix.com/htmlsites/-click-here?utm_source=facebook&fbclid=IwAR2OCSvV7xjw9-1gicxBTAnhLzOpv-QO5b2fcBS8_gbdWJASZieiHebqquQ&utm_campaign=fb_pp%7Cp_en-c_ca-ci_n-g_b-a_22t64-r_n-bc_lkr-pi_n-cst_ca_selfgeowiz_pc3-bid_aocpmpp-p_df-ca_kayakfree&experiment_id=6135911529750&utm_medium=cpc
294,https://www.workandmoney.com/s/clint-eastwood-bio-e9b7e4b834184403?utm_campaign=clinteastwood-2b4a194a67314891&utm_source=tab&utm_medium=cpc&utm_term=msn-edgedefaulthomepage-canada
295,https://www.worldcampus.psu.edu/penn-state-online-request-program-information?utm_source=content&utm_medium=banner&utm_campaign=BRAND+19-20&utm_content=taboola&cid=BNNR36344
296,https://www.dell.com/en-ca/work/shop/deals?mpcs=bypass&clickref=12308-250488-24755-2_FY20_Q3SMBMF_SOCIAL_SMB_W11_Carousel_ENG_RET_DT_Oct11_Oct18_309218&fbclid=IwAR2S0GD8g3Wo-Xa-wwRtbkB51TnGv9dB8Ou19In-UckQSG380FX2x_G8HYI&dgc=sm&dgseg=bsd&cid=250488&lid=24755&acd=12308250488247552c96677833&ven3=811105140179973695
297,https://ads.google.com/intl/en_ca/getstarted/?subid=ca-en-adon-awa-dis-a-fbd!o3~AMsySZZ3haINd6Y0X_78qXNOUNDT~250101549~446051361~77946613~OPTID-2840779&dclid=CPKO6ZTVmuUCFcVnAQodBpYNOQ
298,https://www.appian.com/ia-readiness/?utm_source=facebook&utm_medium=sponsored-ads&utm_campaign=ia-readiness&utm_id=23842903132920223-23843638431090223-23843638431040223&fbclid=IwAR3cV09KjhhfJjpCJdRdvtrQeB0mtg7xqHm3CVfEvYzuTbdB-QZVNUkOoK8
299,https://www.atera.com/land/rmm-software/?utm_source=facebook&utm_campaign=rmkmainlp&utm_adgroup=166&utm_keyword=166-rmkmainlp-rmpacked&utm_content=rmpacked&utm_medium=rm&source=facebook&campaign=rmkmainlp&adgroup=166&keyword=166-rmkmainlp-rmpacked&content=rmpacked&medium=rm&fbclid=IwAR2FU5iekkWGij_DYwAV2LXBIYMKCpr0Bgynol2v9Jby9nn_d_c_9I7GU2E
300,https://www.atlassian.com/software/jira/whats-new/jira-however-you-want?utm_source=facebook&utm_medium=paid-social&utm_campaign=P%3Ajira-software%7CO%3Appm%7CV%3Afacebook%7CG%3Aca%7CL%3Aen%7CF%3Adisc%7CI%3Aimc-newinjira-20&utm_content=P%3Ajira-software%7CO%3Appm%7CV%3Afacebook%7CG%3Aca%7CL%3Aen%7CF%3Adisc%7CT%3Alookalike%7CI%3Aimc-newinjira-20%7CA%3Aimage%7CD%3Adesktop%7CU%3Alookalike_Single-Powerful-1200x628
301,https://www.redhat.com/en/solutions/agile-integration?sc_cid=701f20000012ydrAAA&fbclid=IwAR1aGQHWm5UKVLDZuuk2-mT0AW5tndWUYk5gb-tdBQcpW-sd3gu33HM2wbA
302,https://www.royalroadsup.ca/?utm_source=Facebook&utm_medium=Static&utm_campaign=RoyalRoadsUp&utm_content=General_AC&fbclid=IwAR3YNSyAPJLpFNwOi6CwEAD-wU3z_aNxRO2WZTkiOBRW88HC4sqbTjl5Fyo
303,http://challenge.sauder.ubc.ca/featured-programs
304,https://contently.com/2015/09/08/article-or-ad-when-it-comes-to-native-no-one-knows/
305,https://www.classifiedads.com/search.php?keywords=&cid=73&lid=gx371617&lname=Toronto&from=c
306,https://www.classifiedads.com/search.php?keywords=&cid=627&lid=gx371617&lname=Toronto&from=c
307,https://www.classifiedads.com/search.php?keywords=&cid=412&lid=gx371617&lname=Toronto&from=c
308,https://www.classifiedads.com/search.php?keywords=&cid=74&lid=gx371617&lname=Toronto&from=c
309,https://www.classifiedads.com/search.php?keywords=&cid=470&lid=gx371617&lname=Toronto&from=c
310,https://www.classifiedads.com/search.php?keywords=&cid=425&lid=gx371617&lname=Toronto&from=c
311,https://www.classifiedads.com/search.php?keywords=&cid=482&lid=gx371617&lname=Toronto&from=c
312,https://www.classifiedads.com/search.php?keywords=&cid=396&lid=gx371617&lname=Toronto&from=c
313,https://www.classifiedads.com/search.php?keywords=&cid=340&lid=gx371617&lname=Toronto&from=c
314,https://www.classifiedads.com/search.php?keywords=&cid=341&lid=gx371617&lname=Toronto&from=c
315,https://www.classifiedads.com/search.php?keywords=&cid=400&lid=gx371617&lname=Toronto&from=c
316,https://www.classifiedads.com/search.php?keywords=&cid=414&lid=gx371617&lname=Toronto&from=c
317,https://www.classifiedads.com/search.php?keywords=&cid=467&lid=gx371617&lname=Toronto&from=c
318,https://www.classifiedads.com/search.php?keywords=&cid=83&lid=gx371617&lname=Toronto&from=c
319,https://www.classifiedads.com/search.php?keywords=&cid=211&lid=gx371617&lname=Toronto&from=c
320,https://www.classifiedads.com/search.php?keywords=&cid=548&lid=gx371617&lname=Toronto&from=c
321,https://www.classifiedads.com/search.php?keywords=&cid=41&lid=gx371617&lname=Toronto&from=c
322,https://www.classifiedads.com/search.php?keywords=&cid=463&lid=gx371617&lname=Toronto&from=c
323,https://www.classifiedads.com/search.php?keywords=&cid=215&lid=gx371617&lname=Toronto&from=c
324,https://www.classifiedads.com/search.php?keywords=&cid=244&lid=gx371617&lname=Toronto&from=c
325,https://www.classifiedads.com/search.php?keywords=&cid=1172&lid=gx371617&lname=Toronto&from=c
326,https://www.classifiedads.com/search.php?keywords=&cid=549&lid=gx371617&lname=Toronto&from=c
327,https://www.classifiedads.com/search.php?keywords=&cid=1159&lid=gx371617&lname=Toronto&from=c
328,https://www.classifiedads.com/search.php?keywords=&cid=1157&lid=gx371617&lname=Toronto&from=c
329,https://www.classifiedads.com/search.php?keywords=&cid=1176&lid=gx371617&lname=Toronto&from=c
330,https://www.classifiedads.com/search.php?keywords=&cid=1177&lid=gx371617&lname=Toronto&from=c
331,https://www.classifiedads.com/search.php?keywords=&cid=736&lid=gx371617&lname=Toronto&from=c
332,https://www.classifiedads.com/search.php?keywords=&cid=85&lid=gx371617&lname=Toronto&from=c
333,https://www.classifiedads.com/search.php?keywords=&cid=89&lid=gx371617&lname=Toronto&from=c
334,https://www.classifiedads.com/search.php?keywords=&cid=477&lid=gx371617&lname=Toronto&from=c
335,https://www.classifiedads.com/search.php?keywords=&cid=299&lid=gx371617&lname=Toronto&from=c
336,https://www.classifiedads.com/search.php?keywords=&cid=302&lid=gx371617&lname=Toronto&from=c
337,https://www.classifiedads.com/search.php?keywords=&cid=77&lid=gx371617&lname=Toronto&from=c
338,https://www.classifiedads.com/search.php?keywords=&cid=306&lid=gx371617&lname=Toronto&from=c
339,https://www.classifiedads.com/search.php?keywords=&cid=480&lid=gx371617&lname=Toronto&from=c
340,https://www.classifiedads.com/search.php?keywords=&cid=78&lid=gx371617&lname=Toronto&from=c
341,https://www.classifiedads.com/search.php?keywords=&cid=76&lid=gx371617&lname=Toronto&from=c
342,https://www.classifiedads.com/search.php?keywords=&cid=79&lid=gx371617&lname=Toronto&from=c
343,https://www.classifiedads.com/search.php?keywords=&cid=309&lid=gx371617&lname=Toronto&from=c
344,https://www.classifiedads.com/search.php?keywords=&cid=301&lid=gx371617&lname=Toronto&from=c
345,https://www.classifiedads.com/search.php?keywords=&cid=312&lid=gx371617&lname=Toronto&from=c
346,https://www.classifiedads.com/search.php?keywords=&cid=304&lid=gx371617&lname=Toronto&from=c
347,https://www.classifiedads.com/search.php?keywords=&cid=305&lid=gx371617&lname=Toronto&from=c
348,https://www.appian.com/ia-readiness/?google_ad_keyword=&utm_term=corporate&matchtype=&google_ad_campaign=1653666604&utm_source=google&utm_medium=retargeting-banners&utm_campaign=ia-readiness&gclid=CjwKCAjwlovtBRBrEiwAG3XJ-_ZuBcKgzAZvgdHM5_qeLc4yONGa1ok-KdmqChYWkmceHJvKhJhAExoC9J0QAvD_BwE
349,https://www.manageengine.com/network-monitoring/?network=d&device=c&keyword=&campaignid=1552903130&creative=294250015350&matchtype=&adposition=none&placement=www.nytimes.com&adgroup=59375997099&targetid=&location=9061009&gclid=EAIaIQobChMI2JiDlt-a5QIVSL5PCh1bggngEAEYASAAEgL12_D_BwE
350,https://intrinio.com/?utm_medium=ppc&utm_source=adwords&utm_term=&utm_campaign=Remarketing+-+US+Only&hsa_src=d&hsa_kw=&hsa_mt=&hsa_acc=4582483465&hsa_grp=79004575669&hsa_ad=388719473986&hsa_cam=2077871192&hsa_tgt=&hsa_net=adwords&hsa_ver=3&gclid=CjwKCAjwlovtBRBrEiwAG3XJ-6MPOdrKft5EYopar-N_z3tPDuwR5lDek3IBcjla-OSsObJwfzi8FRoCm5sQAvD_BwE
351,https://www.hsbc.ca/small-business-banking-solutions/?cid=WES0000205
352,https://www.nextadvisor.com/discover-it-review/?kw=cnnmoneybp_dsk_nearly2020_dis1414rev
353,https://search.yahoo.com/yhs/search?p=deals+2019+luxury+crossovers+suvs+for&hspart=yahoo&hsimp=yhs-qo81&type=112540650&param1=9da4ec0c-ee2e-11e9-9fa7-040667496587&param2=bx1rj53yopt5yg5bgghyx3qo
354,https://www.history101.com/30-surprising-facts-about-mash/?utm_source=ouins&utm_campaign=00324098471eb450ea9aa5f403e2d46b0c&utm_term=CNN+Money+%28Turner+U.S.%29_CNN_00312e0969519f3762dbb726ac3e20223f&utm_request=27e56132ddfbb60a3099342536ee40ee&utm_content=newnext&utm_medium=Da_OS_H101_CA_D_30MASH_v1_2609&dicbo=v1-9410d37061ab053a3c4003d2578fac24-0013bc3549d6b25efac255907810c5b1f8-my3tcmjsmeydollegi4gkljuhe3tillcg4zdmljvgbswmnbug43wgntcgm
355,https://disruptdeepfat.com/cellular-energy191008A.php?n=ob
356,https://www.history101.com/30-surprising-facts-about-the-beverly-hillbillies/?utm_source=ouins&utm_campaign=00e5c39db9e9883434c094a6275c5be71b&utm_term=CNN+Money+%28Turner+U.S.%29_CNN_00312e0969519f3762dbb726ac3e20223f&utm_request=3a5ab4de6eb86449960db5e141b7f49d&utm_content=newnext&utm_medium=Da_OS_H101_CA_D_HillBillies_v2_0310&dicbo=v1-7ccaae59b02fbc8eead755e50a438010-0013bc3549d6b25efac255907810c5b1f8-my3tcmjsmeydollegi4gkljuhe3tillcg4zdmljvgbswmnbug43wgntcgm
357,https://weeklypenny.com/how-to-relieve-diabetes-in-a-few-days-watch-ca.php?aff=1561&sub=MFRB_BloodSugar_Ultra_CA&pub=&aux=&xcode=d3ae41e0-62c8-40db-8d54-5aae6a97672f&ver=How%20To%20%27Relieve%27%20%20CA&aff_unique1=
358,https://fungussecrets.com/4/?ref=only4media.com&action=view&encrypt=5Vt2TiJgyBhSalSUpx2Pm9hSalS60H7o7k5OI5ZR9XK9sULpsFSsULpis&c=32249&ob_marketer=Fungus_IntWeb&ob_publisher_id=006c1fd20328a00c44f29602235a735bfd&ob_section_id=00312e0969519f3762dbb726ac3e20223f&ob_ad_id=00a0272a309b5643806ae1331ac50e0bfb&ob_timestamp=20191013230336&ob_platform=WEB&ob_campaign_id=00b4d62cd25705ecf0dce4ab85308c3d9b&ob_doc_title=Fungus%20Remover&site=NFungusCaNzAu8_d20190322_c1_rj75_CNN%20Money%20(Turner%20U.S.)_CNN_00a0272a309b5643806ae1331ac50e0bfb&dicbo=v1-3b99baba0d4d1f86ffef31a1a4568d6c-0095f2ca6057e8da2f60011e7fc72bec77-my3tcmjsmeydollegi4gkljuhe3tillcg4zdmljvgbswmnbug43wgntcgm&prot=2
359,https://weeklypenny.com/perfect-giftca/index.php?aff=1561&sub=MFRB_Perfect_Gifts_CA&xcode=6218446c-829a-453c-a8e2-1dbaa315dc97
360,https://www.farandwide.com/s/worst-cruise-ships-c8eb6e9ffd384546?utm_campaign=worstcruise-02a3aa3184484210&utm_medium=cpc&utm_source=out&utm_term=CNN+Money+%28Turner+U.S.%29&dicbo=v1-1c85f81aa72895a9655c6751ab31fb2e-00fe51c4658228bb4ab2a5dc5964759d9f-my3tcmjsmeydollegi4gkljuhe3tillcg4zdmljvgbswmnbug43wgntcgm
361,"https://en.nexttech.com/AirFreez/2/?cep=BDi1i7IKPzOIp2bu6L36ZFfd6V5rxxvNLXscrPO2Nb1pCqEqb0-xv3nb3RiC4L4Ki2fJj6w_LKyTxwRNKZo4N3AGAmhPfJSqKUypk7mrNJvF7bk_GhUtBXwwrwcbbjWIREh2-JjxDYA1NScqrKvlqXoXQLkAWlckb41_4QqMHC9qpf7pdgP3UGLJRGdd0ogfrqyBEeG0Aa_p1XiTl6U3hDZPnUZOK1QR5CWFidMjTNDLPpYBo8lFrCwZJ-_851hjQUAH_jN_oPh02DMo-klGAHNhW0L1-0WIFXsJ9yG0x-EAyhVW3SMqa2I5TJ4iQTeUmHaNZYLwbzC3AhBhdwWN9RW04NbC2wKFMEKB8BPycUMVHHFH6Wjx6iG7iti-rnzHKNmRqbI7Yq1mxO1Wv9mLU52MkeMmzR1LyKuUV_ce9ITOyPwE_LJZRcpMCoWzGOSHNWuMM8aFCuKTlfzbsja6yYHymnU1N-fli3xODeqsz6gXJ8_AVDgUS1sNJq8PH_2USrrwhKs9IB_ybcBJ6GaJ9HGBInbDl_0wQ6pLhPmN7t_kFy8DCtWeUnbas-HXXYnjRMluUBYoycvJyasqvS8wl3Al2ZDfrglvFwh0II4OAUYLQjvs_LAuM_hnKkX9xWq2x0KMTPABP-xou0-u4MTfbLtXs-jGHwa5LjkI3ZoQRc8-exAwztvOlbygB4bQbqPmHNEm-asDPrp0vhwKEnh7zA&lptoken=154171f5025340f2547a&pub=00312e0969519f3762dbb726ac3e20223f&ad=00e470364a2e05492fc6298c394899b9cf&section_id=00312e0969519f3762dbb726ac3e20223f&section_name=CNN&publisherid=006c1fd20328a00c44f29602235a735bfd&publishername=CNN%20Money%20(Turner%20U.S.)&adtitle=This%20box%20gives%20you%20cool%20relief%20on%20those%20hot,%20stuffy,%20summer%20times&widg=%7Bwidg%7D"
362,https://thegutrehab.com/191010A.php?n=ob
363,https://search.yahoo.com/yhs/search?p=deal+for+2019+luxury+crossover+suv&hspart=yahoo&hsimp=yhs-qo13&type=126642986&param1=83d7c1e6-ee2f-11e9-9fc9-5f5abeda7106&param2=egogqd20h5en4hbjziz12ikk
364,https://www.history101.com/gilligans-island-a-fateful-trip-behind-the-scenes/?utm_source=ouins&utm_campaign=008449e0d60d3da88bec41e59473e5ef58&utm_term=CNN+Money+%28Turner+U.S.%29_CNN_00312e0969519f3762dbb726ac3e20223f&utm_request=487f38d7e388997429c531d0a1e0e069&utm_content=newnext&utm_medium=MSN_SAFE_Da_OS_H101_CA_D_Gilligans_v1_1508&dicbo=v1-5b1375a6c4256a4b4291b5360eed10a0-0013bc3549d6b25efac255907810c5b1f8-my3tcmjsmeydollegi4gkljuhe3tillcg4zdmljvgbswmnbug43wgntcgm
365,https://smith.queensu.ca/mba_programs/mba/contact/MBA_whitepaper_transformational_leadership.php?utm_source=AudienceX&utm_medium=cpc&utm_content=FTMBAWhitepaper&utm_term=Image1v2&utm_campaign=EMBA2019-2020
366,https://www.icepop.com/pit-bull-tiny-best-friend/?utm_source=ouins&utm_campaign=00204175b8e21871a2bf396bd0234bbfe3&utm_term=CNN+Money+%28Turner+U.S.%29_CNN_00ce926762e987e9e71b27e4e76d46e119&utm_request=173578a9f47c505db7dfadce808a2b2e&utm_content=newnext&utm_medium=Le_OS_IP_CA_D_Pitbull_v4_2709
367,https://moneyversed.com/russian-kid-mars-hc-mv/?as=2030041876715&utm_source=outbrain&utm_medium=cpc&utm_campaign=russian-kid-mars-hc-mv_mv_ca_english_desktop_c1_t1_v20190123_b122_g1g&utm_term=00c054d499f64c0cc38bfaa06e449d1980&utm_content=00ce926762e987e9e71b27e4e76d46e119&bdk=a2030041876715&ch=bt
368,https://www.fool.com/ext-content/motley-fool-issues-third-buy-alert-for-this-millio/426/?psource=esacnn7410000029&utm_campaign=sar-thirdbuy&campaign=sa-bbn-tg-post-release&utm_source=cnnmoney&waid=8893&utm_medium=contentmarketing&paid=8893&wsource=esacnnwdg0000029&cellId=0&testId=third-buy
369,https://www.fool.com/ext-content/bitcoin-up-240000x-heres-your-backdoor-plan/905/?psource=esacnn7410000039&utm_campaign=sar-nov2017-1&campaign=sa-sar-nov2017-1&utm_source=cnnmoney&waid=9081&utm_medium=contentmarketing&paid=9081&wsource=esacnnwdg0000039&cellId=1&testId=backdoor-bitcoin-advert
370,https://www.fool.com/ext-content/ecommerce-like-buying-amazon/559/?psource=erbcnn7410000007&utm_campaign=ecom-greatestmarket&campaign=rb-ecommerce&utm_source=cnnmoney&waid=8968&utm_medium=contentmarketing&paid=8968&wsource=erbcnnwdg0000006&cellId=0&testId=greatest-market-advert
371,https://www.history101.com/woodstock-photos/?utm_source=ouins&utm_campaign=008d460cb377c9f0f4febb41df50a01931&utm_term=CNN+Money+%28Turner+U.S.%29_CNN_007d28bf9cdd25efe533d20671fb707cf4&utm_request=5eb9d1f506dc7b43d45192851f2eb93b&utm_content=newnext&utm_medium=R_OS_H101_CA_D_woodstock-photos_v20_2410&dicbo=v1-9cfd698840ba45cf4009fe37530f4abc-001f0474c399f7573f0d6147c0b267176d-my3tcmjsmeydollegi4gkljuhe3tillcg4zdmljvgbswmnbug43wgntcgm
372,https://www.fisherinvestments.com/en-ca/campaigns/99-retirement-tips/2v/?PC=OUTCAX1E99&CC=T069&alleycode=XX&utm_source=Outbrain&utm_medium=Native&utm_campaign=ON_RON_Desktop&utm_term=CNN+Money+%28Turner+U.S.%29_CNN&dicbo=v1-4cd032a4f566cf42a9a1f681af171098-00a272e90698e812a53309745a6295ea6a-my3tcmjsmeydollegi4gkljuhe3tillcg4zdmljvgbswmnbug43wgntcgm
373,https://www.bobshideout.com/view/hollywood-stars-regular-jobs/?src=outbrain&utm_source=outbrain&utm_medium=007d28bf9cdd25efe533d20671fb707cf4&utm_campaign=00e4f3d9f53b79bca5f381389a72cc0bf4&utm_key=90&utm_content=00f8f59c3103173b672a206c000bae1224&utm_term=BHO_D_CA_hollywood-stars-regular-jobs_dorin_a_185638_INTR
374,https://celebspulse.com/wedding-dresses/?utm_campaign=CP_Wedding-Dress-9381_13&utm_medium=CPC&utm_source=Outbrain&utm_term=CNN
375,http://mortgageafterlife.com/retirement/celeb-and-their-parents-at-the-same-age-they-inherited-their-parents-good-luck-their-credit-score-what-a-bargain-outbrain/?utm_source=outbrain&utm_campaign=00136f0b1d7da3fd5af20bae720ee70be6&utm_medium=CNN&dicbo=v1-5efe1da2385913a9926340c27e621a5b-00f6326b5c80407d5f29448a4a522fcdf5-my3tcmjsmeydollegi4gkljuhe3tillcg4zdmljvgbswmnbug43wgntcgm
376,https://www.conflictnations.com/index.php?id=322&lp=108&lpv=1&L=0&c=10295&r=11546&placement=CNN+Money+%28Turner+U.S.%29_CNN&dicbo=v1-0913468b0b3cebdffc1c7fc36e4f0a61-007a12bc304214a6eff4564fe34f5b0efc-my3tcmjsmeydollegi4gkljuhe3tillcg4zdmljvgbswmnbug43wgntcgm
377,https://www.icepop.com/pretty-woman-facts/?utm_source=ouins&utm_campaign=0051a50ac797a2ae1da86f96a52fa72bd3&utm_term=CNN+Money+%28Turner+U.S.%29_CNN_007d28bf9cdd25efe533d20671fb707cf4&utm_request=a45d545821b3fe42e4890b7fe6c52dea&utm_content=newnext&utm_medium=Le_OS_IP_CA_D_PrettyWoman_v5_1803
378,https://www.coolimba.com/view/things-you-probably-didnt-know-about-air-force-one-co/?src=outbrain&utm_source=outbrain&utm_medium=007d28bf9cdd25efe533d20671fb707cf4&utm_campaign=0053a0d44d00ca4e7119af61290f030865&utm_key=120&utm_content=006524687db4c919b8dd5e7f869dff5f0a&utm_term=CO_D_CA_things-you-probably-didnt-know-about-air-force-one-co_or_a_171100
379,https://drivezing.com/oddly-cool-cars/?utm_content=67d218&utm_campaign=DZ_OddCars_Desktop_CA&utm_source=outbrain&utm_medium=CNN+Money+%28Turner+U.S.%29&utm_term=CNN&dicbo=v1-afe8410ca023499a9c601201ad41385b-005a1f6120006382d086d33187807098e7-my3tcmjsmeydollegi4gkljuhe3tillcg4zdmljvgbswmnbug43wgntcgm
380,https://finance.alot.com/Business/35-Brands-That-Are-Closing-Stores-in-2019--17265?isLong=1&utm_source=outbrain&utm_campaign=175522&utm_term=CNN+Money+%28Turner+U.S.%29_-_CNN_-_006c1fd20328a00c44f29602235a735bfd_-_007d28bf9cdd25efe533d20671fb707cf4&utm_content=adrizer&camp_id=51300&multipage=1
381,https://www.hashtagchatter.com/lifestyle/mom-mystery-illness-repairman-furnace/?utm_source=Outbrain&utm_term=CNN&utm_campaign=00b77a8be72c148d86d44625f9abcb39a6&utm_section=007d28bf9cdd25efe533d20671fb707cf4&utm_content=00c4233224e6f47fedecfbbdd0426e7349&utm_medium=HTC_D_Outbrain_CA_D_IllnessL_v1_0723&dicbo=v1-220d9c78fe00a4f9073baa72a4ed7435-00bd2cb5dd4fa05dcbc9bf31b1104f92c9-my3tcmjsmeydollegi4gkljuhe3tillcg4zdmljvgbswmnbug43wgntcgm
382,https://drivezing.com/the-automotive-worlds-20-toughest-suvs-of-all-time/?utm_content=587636&utm_campaign=DZ_ToughSUVs_Desktop_CA_New&utm_source=outbrain&utm_medium=CNN+Money+%28Turner+U.S.%29&utm_term=CNN&source=o&campaign=DZ_ToughSUVs_Desktop_US&subid=CNN+Money+%28Turner+U.S.%29&referrer=CNN+Money+%28Turner+U.S.%29&dicbo=v1-da2f46300a6185577668d117f237264e-005a1f6120006382d086d33187807098e7-my3tcmjsmeydollegi4gkljuhe3tillcg4zdmljvgbswmnbug43wgntcgm
383,https://www.mansionglobal.com/articles/a-grand-english-castle-in-the-wiltshire-countryside-118609?reflink=outbrain_editorial_007d28bf9cdd25efe533d20671fb707cf4
384,https://www.hashtagchatter.com/trending/foster-mom-adopt-daughter-related-son/?utm_source=Outbrain&utm_term=CNN&utm_campaign=0057575b27d4319131723e8e60c80cde95&utm_section=007d28bf9cdd25efe533d20671fb707cf4&utm_content=005fd725b898bef6dfe1496ddb63843402&utm_medium=HTC_D_Outbrain_CA_D_AdoptedKids_v1_0724&dicbo=v1-78bb95c9a073464c776bcd026c26c998-00bd2cb5dd4fa05dcbc9bf31b1104f92c9-my3tcmjsmeydollegi4gkljuhe3tillcg4zdmljvgbswmnbug43wgntcgm
385,http://dailyimpact.club/content/bloodsugar-1/?voluumdata=eyJvZmZlciI6Imh0dHA6XC9cL3ZvbHV1bWhpdHMuY29tXC9nby5waHA/cz0yMTE2OTI4ODcyOSIsIm5leHRQYWdlIjoiIiwib2JiIjoiaHR0cDpcL1wvdm9sdXVtaGl0cy5jb21cL2NsaWNrLnBocD9jPTQwMCZrZXk9c242N2E3ZnkzMTZtcjQ0NjRsZDdtMTEzIn0=&obb=1&s=21169288729
386,https://www.farandwide.com/s/amazing-world-maps-74d6186e6d0e414b?utm_campaign=amazingworldmaps-7d4198c72ef64ac5&utm_medium=cpc&utm_source=out&aid=008d034cf1b163e30d943e921a0636ed90&utm_term=CNN+Money+%28Turner+U.S.%29&dicbo=v1-f47f0e055761bec4e8b7dca12cdda9af-008d034cf1b163e30d943e921a0636ed90-my3tcmjsmeydollegi4gkljuhe3tillcg4zdmljvgbswmnbug43wgntcgm
387,https://www.innovatingcanada.ca/technology/from-passwords-to-biometrics-and-multi-factor-authentication/
388,https://news.education.investing.com/new-cars-announced-for-2020/?utm_source=Outbrain&utm_medium=cpm&utm_campaign=CA-NewCars2020-Chevrolet.Corvette.Stingray4-1-Desktop-All-Chrome.Explorer-All-22.9.19&utm_content=All+the+New+Cars+Coming+Out+in+2020&utm_term=CNN+Money+%28Turner+U.S.%29_CNN&origin=outbrain&outbrain_params[ad_id]=006313b12afe37bc2e087b577dadc3d961&outbrain_params[doc_title]=New+Cars+Announced+for+2020&outbrain_params[doc_author]=Audrey+Kyanova&outbrain_params[doc_id]=00a51b6f387a695582f966c436040ced5b&outbrain_params[ad_title]=All+the+New+Cars+Coming+Out+in+2020&outbrain_params[publish_date]=20190908&outbrain_params[req_id]=7bef07d32e7a97ad431bfb85d7b418a9&outbrain_params[source_id]=007d28bf9cdd25efe533d20671fb707cf4&outbrain_params[promoted_link_id]=006313b12afe37bc2e087b577dadc3d961&outbrain_params[time_stamp]=20191013231930&outbrain_params[campaign_id]=00101c58be62d046c73da8af48bc9a30aa&outbrain_params[uuid]=30XJ1eI-erk9dbJQaSEAp4u9dMMg1jQ_fmzHmbDDmXblfPtxCDuG1w0JDTLpgqSI&outbrain_params[section_id]=007d28bf9cdd25efe533d20671fb707cf4&outbrain_params[section_name]=CNN&outbrain_params[publisher_id]=006c1fd20328a00c44f29602235a735bfd&outbrain_params[publisher_name]=CNN+Money+%28Turner+U.S.%29&outbrain_params[ob_click_id]=v1-2f165b55f16fe7b84d5e792046fee2d7-0063fd17b4f931a7b0381e74834dd94ed6-my3tcmjsmeydollegi4gkljuhe3tillcg4zdmljvgbswmnbug43wgntcgm&outbrain_params[android_id]=&outbrain_params[idfa]=&im[p19]=7426&dicbo=v1-2f165b55f16fe7b84d5e792046fee2d7-0063fd17b4f931a7b0381e74834dd94ed6-my3tcmjsmeydollegi4gkljuhe3tillcg4zdmljvgbswmnbug43wgntcgm
389,http://www.bridesblush.com/events/revenge-ruins-ex-wedding-tb/?utm_campaign=Ex%20Boyfriend%20Revenge%20Dave%20En%20-%20Desktop%20CAN%20OB&utm_source=OutBrain&utm_medium=CNN+Money+%28Turner+U.S.%29-CNN&utm_term=Man+Waits+Two+Years+To+Get+Back+At+Ex-Girlfriend+With+Perfectly-Planne&utm_content=00d91added898cae5d5f026d2b3b267936&dicbo=v1-d52eb1aa11165c739c31b346421ccbae-00c1a3b6949d4675a33a640d6480c59993-my3tcmjsmeydollegi4gkljuhe3tillcg4zdmljvgbswmnbug43wgntcgm
390,https://living.alot.com/Entertainment/30-Celebrities-You-Didn%27t-Know-Were-LGBTQ--17292?isLong=1&utm_source=outbrain&utm_campaign=171145&utm_term=CNN+Money+%28Turner+U.S.%29_-_CNN_-_006c1fd20328a00c44f29602235a735bfd_-_007d28bf9cdd25efe533d20671fb707cf4&utm_content=adrizer&camp_id=51300&multipage=1
391,https://celebspulse.com/bride-gives-vows-to-grooms-ex/?utm_campaign=CP_Groom-Ex-fb1c_12&utm_medium=CPC&utm_source=Outbrain&utm_term=CNN
392,https://www.science101.com/orig/divers-make-incredible-discovery-lake-ontario/?utm_source=ouins&utm_campaign=00e34b24a0d19487401e41b218415c9441&utm_term=CNN+Money+%28Turner+U.S.%29_CNN_007d28bf9cdd25efe533d20671fb707cf4&utm_request=9261b58ca98378b670ee0e979899007b&utm_content=newnext&utm_medium=MSN_SAFE_Da_OS_S101_CA_D_LakeOntario_v1_1709&dicbo=v1-954531bc563a68956c9900ebc0aecc8d-000f011d71e4534e07847a492453ec057f-my3tcmjsmeydollegi4gkljuhe3tillcg4zdmljvgbswmnbug43wgntcgm
393,https://search.visymo.com/ws?q=restaurant%20online&asid=vis_ca_ba_gc1_5&de=c&ac=1781&msclkid=5ede8a5a18b312a9fcead7f9f11fb812
394,https://www.habiterlesquare.ca/home
395,https://wealthyretirementdaily.com/investing-research/ultimate-monthly-dividend-portfolio/?code=X302U824
396,https://www.horizonsetfs.com/etf/hmus
397,https://smith.queensu.ca/mba_programs/qcemba/contact/MBA_whitepaper_transformational_leadership.php?utm_source=GlobeandMail&utm_medium=cpc&utm_content=CQEMBAFreeGuide&utm_term=Image1v2&utm_campaign=MBA2019-2020
398,https://mysearches.net/index.php?rgid=59551&&sub=cnbc
399,https://www.sunwing.ca/en/destinations/aruba?utm_source=2727854&utm_medium=banner&utm_campaign=23219234&utm_content=122517469
400,https://specialtylifeinsurance.ca/final-expense-plan.html?utm_source=NewTaboola&utm_medium=Banner3&utm_source=taboola&utm_medium=referral&recirc=taboolaexternal
401,https://hearing-expert.ca/try-out-this-new-hearing-aid-2/?cep=B3UgJWpRKsGte4xeBrpM_q6wfcL0i72pPDuduXvNklB4iE0J5ZgKcAMv7nkRkR9xGKkPkNmstffbiYl2irn0JXRnWIe0FvbhunF1WSsrRGzSKE_rBB5AMCeLGxXDn4Us2rB6Rcl7l0lNxWVnHJlBiisqNRJGERfxnB-yJmDxli0Z5Ztr6nWbDiQionRsg_JgjdfFv7vbCoJpZ9OM3YRiMKmeQYNZMTDXZQerWT90Kif_AE4lut7a5pha0I4FbjDKeGt9Nuk-ljbEBTYA9MlkDLgXJBa0TnrJEiKfUrzjQ4Yetv5RRHWq0xkRfFrWaDTi2hlFDY3Uep91sD5H2Afzmie5gG1Eau1XKwEBCgg9MIBTVl0WQDWys0Bqes-6faOgy45ChDLID_50dqCL9RTOFB50Td05foFijpxRQZsnHzNsrcbuEUIIiqC8gW2d1kJ194jf9CPjnsxF95ZOe0dfuMkT5igm27YR4Vhj1pl1FIa-wNrsF3oh1XdHT-AzxQ6xiDmgEpXTBmQYkhNSwSN_TLuEFiNnJBdJzauceq4ZlroO2a7vf_UjGltiJC4eguVUT8UYgumwGqyKImvD53biug&lptoken=15e6714b023555b70459&utm_source=taboola&utm_medium=referral&campaign=%7Bcampaign%7D&thumbnail=http://cdn.taboola.com/libtrc/static/thumbnails/eb4b3fe3a4c93a3d671411044d15f264.jpg&title=Wanted:%20500%20People%20born%20Before%201969%20to%20try%20out%20Hearing%20Aid!&site=cnbc&click_id=CjA1ZTk0YTk0OC00NDI5LTQwYjQtOWRhNi1iZjE5YjdlZjJlYzgtdHVjdDQ5YzA0M2ESFG5ldG9mZXhidi1oZWFyaW5nLXNj&recirc=taboolaexternal
402,https://mortgageinsurancegroup.ca/?utm_source=taboola&utm_campaign=MIG-Desktop-Mortgage-Insurance&utm_content=get-affordable-mortgage-life-insurance-now&utm_source=taboola&utm_medium=referral&recirc=taboolaexternal
403,https://www.sync.com/blog/transform-your-law-firm-with-secure-cloud-storage/?utm_source=taboola&utm_medium=referral&_m=5i3&recirc=taboolaexternal
404,https://www.nch.com.au/wavepad/index.html?ref=taboola&utm_source=taboola&utm_medium=referral&recirc=taboolaexternal
405,https://search.yahoo.com/yhs/search?p=%2B+2019+Deals+Luxury+Crossover+SUV&hspart=yahoo&hsimp=yhs-qo11&type=125692625&param2=fxlaizfldxdpzvm5bvxeerl4
406,https://www.wayfair.ca/gateway.php?refid=TABWFCA2.NV0292!ACDBFUYSTS&_site=cnbc&recirc=taboolaexternal
407,http://swiftverdict.com/trending/celebrity-houses-b?utm_source=taboola&utm_medium=foxnews-foxnews&utm_campaign=2991951&utm_term=Where+Julie+Is+Living+At+83+Will+Make+You+Happy&utm_content=http%3A%2F%2Fcdn.taboola.com%2Flibtrc%2Fstatic%2Fthumbnails%2F5ff121116c4cbd2532cc19aef7b542a7.jpg&id=2019-10-14+03%3A34%3A19
408,http://medicalmatters.com/trending/celebrity-kids-clones-same-age/?utm_source=taboola&utm_medium=foxnews-foxnews&utm_campaign=3005433&utm_term=Remember+Catherine+Zeta-Jones%27+Daughter%3F+Try+Not+To+Gasp+When+You+See+Her+Now&utm_content=http%3A%2F%2Fcdn.taboola.com%2Flibtrc%2Fstatic%2Fthumbnails%2Fb329a6a90f75e2100df4188b548c9519.jpg
409,http://healthygeorge.com/anti-aging/celebrity-couples-murphy?utm_source=taboola&utm_medium=foxnews-foxnews&utm_campaign=3016848&utm_term=Take+A+Look+At+Who+Tiger+Woods+Is+Dating+Today&utm_content=http%3A%2F%2Fcdn.taboola.com%2Flibtrc%2Fstatic%2Fthumbnails%2F136a66b9ff3ddaf003bf0dd663125c3c.jpg&id=2019-10-14+03%3A34%3A19
410,http://www.beachraider.com/worldwide/lgbt-couples?utm_medium=taboola&utm_source=taboola&utm_campaign=ta-br-dental-plants-des-ca-26099f&utm_term=foxnews-foxnews
411,https://play.howstuffworks.com/quiz/no-one-is-getting-a-perfect-score-this-70s-cars-quiz-its-driving-the-internet-crazy?acct=howstuffworksmobile-sc&utm_medium=paid&utm_source=taboola&utm_campaign=2886637&utm_term=foxnews-foxnews&utm_content=Let+It+Ride+-+Almost+Nobody+Aces+This+1970s+Car+Quiz&adid=278583710&img=http%3A%2F%2Fgleaned-images.stuff.com%2Fsignals-test%2Ff8b5f63da97b16b5c8657a3bf458e311758dd2424062febc2e57a677&mkcpgn=9cffdd0ecaa94129b639d54a49ecdc9bbeta
412,https://www.tungstenfashions.com/tungsten-rings.html?978-retarget&taboola
413,https://www.manageengine.com/network-monitoring/?network=d&device=c&keyword=&campaignid=985429421&creative=348043575784&matchtype=&adposition=none&placement=www.entrepreneur.com&adgroup=50480395844&targetid=&location=9061009&gclid=EAIaIQobChMIoY6XtOma5QIVSZRpCh1IZQkyEAEYASAAEgKKXfD_BwE
415,https://ca.godaddy.com/blog/how-to-grow-your-business-in-6-steps/?isc=tegodaddy&dclid=CjkKEQjwlovtBRDJke6iloas8MkBEiQAwMvpcezRYnawrE16ZS_yzv7A6S_2MkJM02yT93KCWFkjQffw_wcB
416,https://www.refinitiv.com/perspectives/ai-digitalization/the-machine-learning-trends-transforming-finance/?utm_source=dianomi&utm_medium=psoc&utm_campaign=96751_2019RefinitivLaunch&utm_content=perspectives2.0&elqCampaignId=6283
417,https://investingwhisperer.com/d01/
418,https://wallstnow.com/featured/the-surprising-winner-in-the-epic-showdown-between-media-giants-netflix-amazon-apple-and-disney/
419,https://pages.databricks.com/uap-dummies.html?utm_source=google&utm_medium=cpc&utm_campaign=displayrmktg&gclid=CjwKCAjwlovtBRBrEiwAG3XJ-3iSOA-zFgnmpTXJV2r520Blb7UAKloHoysHV2m_Afh1u8xPzufXVhoC8JwQAvD_BwE
420,https://www.oodle.com/
421,https://www.adpost.com/ca/business_products_services/Insurance/
422,https://www.hoobly.com/0/265/0/
423,https://www.hoobly.com/31/265/0/
424,https://www.quirks.com/articles/4-reasons-why-agile-research-is-no-longer-an-option-but-a-means-of-survival
425,https://www.quirks.com/articles/study-looks-at-future-of-marketing-on-instagram
426,https://www.quirks.com/articles/22-top-advertising-research-companies-2019
427,https://www.quirks.com/articles/selling-consumers-a-driverless-future
428,https://www.quirks.com/articles/takeaways-from-the-neuromarketing-world-forum-2019
429,https://www.quirks.com/articles/understanding-the-robots-of-e-commerce
430,https://www.quirks.com/articles/3-factors-driving-change-in-marketing-research
431,https://www.quirks.com/articles/marketing-the-memory-making-business
432,https://www.quirks.com/articles/a-hybrid-approach-to-ad-testing
433,https://www.quirks.com/articles/our-methods-aren-t-keeping-pace-with-consumers-advertising-experiences
434,https://www.quirks.com/articles/the-role-of-emotions-in-the-purchase-decision
435,https://www.quirks.com/articles/core-reasons-why-top-box-is-not-an-ideal-measure-for-marketers-and-researchers
436,https://www.quirks.com/articles/super-bowl-advertising-game-day-emotions
437,https://www.quirks.com/articles/why-top-box-is-the-top-mistake-marketers-and-researchers-make
438,https://globalnews.ca/content/6007420/subtle-signs-of-skin-cancer-you-should-never-ignore/
439,https://criticsunion.com/2017/07/29/top-10-ten-bollywood-actors-successful-side-business/?utm_source=COLOMBIA&utm_medium=NATIVE_COLOMBIA&utm_campaign=Colombia_3283973
440,https://timesofindia.indiatimes.com/life-style/fashion/style-guide/5-indo-western-festive-looks-to-try-on-karwa-chauth-2019/articleshow/71518514.cms
441,https://timesofindia.indiatimes.com/life-style/health-fitness/diet/weight-loss-5-mistakes-to-avoid-when-following-a-keto-diet/photostory/71541098.cms
442,https://timesofindia.indiatimes.com/life-style/relationships/work/want-to-work-from-home-these-tips-would-help-you-get-organized/photostory/71553405.cms
443,https://timesofindia.indiatimes.com/life-style/health-fitness/health-news/7-most-hydrating-foods-on-the-planet/photostory/71541617.cms
444,https://timesofindia.indiatimes.com/life-style/food-news/how-to-make-aloe-vera-gel-at-home-in-5-minutes/photostory/71565932.cms
445,https://www.coupondunia.in/tatacliq?h=pksep3xOss&utm_source=toi&utm_medium=widget&utm_campaign=toifeed
446,https://thebigreport.website/language/v3/index.html?uclick=hepmqd
447,https://news.education.investing.com/last-call-cars-being-discontinued-in-2020/?utm_source=taboola&utm_medium=cpm&utm_campaign=CA-CarsGone2020-Chevrolet.Impala1-1-Desktop-All-Chrome-All-BRAND+SAFE-10.10.19&utm_term=msn-edgedefaulthomepage-canada&origin=taboola&tp[click_id]=CjBiYzIzYTRhYi03YmEyLTQxOTEtYTUzZi03MTA0YTA2YzNlZmUtdHVjdDQ5ZTA1N2QSFGludmVzdGluZ3l1a29ubmV3LXNj&tp[site_id]=1053574&tp[site]=msn-edgedefaulthomepage-canada&tp[ts]=2019-10-14+14%3A03%3A41&tp[campaign_name]=CA-CarsGone2020-Chevrolet.Impala1-1-Desktop-All-Chrome-All-BRAND+SAFE-10.10.19&tp[campaign_id]=3014217&tp[campaign_item_id]=2837342203
449,https://chipmoney.chip.ca/canadian-reverse-mortgage/?utm_source=taboola&utm_medium=referral&utm_term=msn-edgedefaulthomepage-canada&utm_campaign=2394592
450,https://landers.securitysavers.org/yhwanpdln/?cep=lehbx5W9msU2K5ftl-ONdxqhyl_RRcOzk10LbRP0XsHf90k5_PMEUHaaTaMyy79BJzTupuE1zIDJeAGYIzz9GrtChTUFlYrVczAAi9xbgopi7lFl1gKxgZ0QojlWGNa4llkjC5iHKPCMYMM4VhxtZRf0vpag6QGF-PmaA1YkPy_VDh8faeUhaYdg68pGgJShFzyUjiOnX84TXJeOtViO8yJ1p2yHmnmblv8UGKk06haukDmLT2V2aHex2Jk-mgRVVkT0ZZHRUHLK7e84apjAStDCuOjRR-5qSdThdZyvv7c_TPnOCls9eTr0Uzoy5ITTlw_BscS5miF367ThKzs5mNYBzo2KlPNO1X0pyKMqYz_6OposK9fy9BE_CtbbowQjz_SPXjlAq-e66gQLW0bUEklNAx-0QJTvRrp67iCkcz6DCYrtoSgm_aWztMZBCaMVo_sRJQPFwofqa_z152M57Vsln9E6ukTJjCtMV6VqRaRsR_c9X1HMpeLzTdcwVs0VGYh1S9AsbGDf6UNKTfvDRqNlqlwui50vp0vKcXwV9f3aS-jBWtkqkgfNdDvGw8eSosCUFfzYwBfEjJdZavd0C-X_v8pK7KN_JaYbG2dBWEf4Li7A71VZ3o87tdD2m8csoNzY1RWXgxTXLgBXZFAP9xDl3SLf7T1hQYhkohoQ30t6vTegLK4oTJUxGBo_7sBEhpluseFMTw5KTNqp3ILhL4RZDW1Z4TFA1zXt9507eMo&lptoken=1587712d06bd369a32cb&?campaign_id=%7Bcampaignid%7D&source=msn-edgedefaulthomepage-canada&image=http://cdn.taboola.com/libtrc/static/thumbnails/2ac59b40948ef8692c4a21112f6de88b.jpeg&header=Windows%20Users%20Advised%20To%20Do%20This%20Before%20Turning%20Computer%20Off&click_id=CjBiYzIzYTRhYi03YmEyLTQxOTEtYTUzZi03MTA0YTA2YzNlZmUtdHVjdDQ5ZTA1N2QSE2p1c3RkZXZlbG9waXQtYXYtc2M
451,https://www.msn.com/en-ca/lifestyle/shopping/23-trending-electronics-on-amazonca/ss-BBQxPbd?ocid=spartanntp
452,https://www3.forbes.com/lifestyle/20-outrageous-mansions-owned-by-modern-sports-legends/?utm_campaign=20-outrageous-mansions&utm_source=msn&utm_medium=ms27497d1ca&lcid=ms27497d1ca
453,https://stuffanswered.com/what-are-the-best-2019-luxury-vehicles-for-seniors/?utm_source=taboola&utm_campaign=ca-tb2clkstfaauto-yg-luxvehsen-smrt2-web&utm_content=native&imp=48397&campaign_id=1759428&utm_term=msn-edgedefaulthomepage-canada&ts=2019-10-14+14%3A03%3A06
454,https://dailygadgetreviews.com/?utm_source=taboola&utm_medium=referral
455,https://ca.jetcost.com/en?utm_source=taboola&utm_medium=cpc&utm_content=Image_93_Texte_4&utm_campaign=CA-EN_taboola_F_C_JC_Native_HP-CITY-EDGE_desktop&utm_term=msn-edgedefaulthomepage-canada
456,https://newsforever.net/anchor-salary-br-2/?cep=JOwtdTiqXRxaerHkSPu0QStuNHMRHFZ1Xx52OESYwdL8jzapWsRCHf-RTaxLY82pa_UHCPMHPp5yr-2cLPaMVD0lHhl_XERVSVjX730zJk18jJ4cG2ew-_KaNZmAYj_5yQVnondnaAbZ-7_216-fnJjQiUHyfqJKBIhbfw0xejCerKAJgyCh6qkizzbJ0k0lknHp7IOgOOInYqm0xGhgfyD4xswhzbfWDNrx_YiIWFZIOmgQ9XO_8O1_qJcyRKnmcn_TLmHTWDwyp17x3aDGqdNwjeIXYVNjCDVcfpb7MGCRNoNg4JgIPSlGCBX-C9nXbSmtGQ8pPieMw6Pg1mh6qSu8CmnBYAtBw9HJiew8DDmRyGguThnfEMqZbqNkpVKf5XQjQ0sObwvdqHcvNpqsZSz99LXzvo2zLFEUANB9qhmNC4donaKPLhirxdOuT2maUD3bvHZqF59iGoHJHrMOyBAS2KbNYr5cW6THuxM7CObhBUNFQBvak5OgCcP30BfVTBtsafuuc6zF6R3R1odKmoLlsUdfpNsC2splbfKeykjgF-Dj1l-ca4RMWohnMPUz&lptoken=15ed716f06d337c199de&_event=2c7bda23a1b6658dc394c409527b15e6&utm_source=msn-edgedefaulthomepage-canada&utm_medium=http://cdn.taboola.com/libtrc/static/thumbnails/82678a870db5bb8f2bce106e38424a54.jpg&utm_title=Check%20Out%20News%20Anchor%E2%80%99s%20Annual%20Salary
457,https://quickbooks.intuit.com/ca/accountants/?cid=dis_TB_TOF_CA_QBOA_PW_600x500_JPG&dclid=CjgKEAjwuZDtBRD-uMWttqeTlxASJACCcSPFEAPci61w0ilMyEZslXSXOreMLfxUeywpRJkTMZ8cf_D_BwE
458,https://www.diduknow.io/?id=L16&artid=259&aid=4&oid=3501&sub=TA&state=all&ad=15&snadid=280911675&utm_source=taboola&utm_medium=referral&site=msn-edgedefaulthomepage-canada&tid=CjBiYzIzYTRhYi03YmEyLTQxOTEtYTUzZi03MTA0YTA2YzNlZmUtdHVjdDQ5ZTA1N2QSE2FkbmV0LWNyZWRpdGNhcmQtc2M&tsid=msn-edgedefaulthomepage-canada&adid=280911675
459,https://newarena.com/other-sports/ranked-the-25-greatest-players-in-nhl-history/?amxt=tbdt_signal_819&utm_campaign=tb_do_Sports_25GreatestNHL_dt_can&utm_source=tb_ae&&utm_term=msn-edgedefaulthomepage-canada&utm_content=Analysts+Ranked+The+Greatest+NHL+Players.+Guess+Who%27s+No.+1&utm_medium=tbdt-tbdt_signal_819
460,https://stuffanswered.com/what-are-the-5-best-laptops-of-2018/?utm_medium=paid&utm_source=taboola&utm_campaign=ca-tb2clkstfatech-yg-laptop-smrt2-web&imp=48399&campaign_id=1861106&utm_term=msn-edgedefaulthomepage-canada&ts=2019-10-14+14%3A07%3A52
461,https://www3.forbes.com/business/billionaires-the-richest-people-in-canada/?utm_campaign=Billionaires-The-Richest-People-In-Canada&utm_source=Taboola&utm_medium=tb130988d2ca04&lcid=tb130988d2ca04&utm_content=msn-edgedefaulthomepage-canada&utm_term=46+Interesting+Billionaires+Who+Run+Canada
462,http://healthygeorge.com/anti-aging/celebrity-couples-leno?utm_source=taboola&utm_medium=msn-edgedefaulthomepage-canada&utm_campaign=3016891&utm_term=Jay+Leno+And+His+Partner+Are+Still+Together+After+3+Decades&utm_content=http%3A%2F%2Fcdn.taboola.com%2Flibtrc%2Fstatic%2Fthumbnails%2Ffaaefa4687ff9abed38dfba290ae6de2.jpg
463,https://idealsmi.com/25-best-things-you-can-do-in-australia/?utm_source=taboola&utm_medium=referral
464,http://www.worldemand.com/worldwide/obvious-army?utm_medium=taboola&utm_source=taboola&utm_campaign=ta-wd-obvious-arm-des-ca-19099q&utm_term=msn-edgedefaulthomepage-canada
465,https://iqgal.com/7-early-warning-signs-of-cancer-women-shouldnt-ignore/?utm_source=taboola&utm_medium=referral
466,http://www.bleacherbreaker.com/sports/muhammad-ali-is-number-one-who-are-the-other-greatest-boxers-of-all-time/?utm_source=tb&utm_medium=msn-edgedefaulthomepage-canada-tb&utm_term=The+26+Greatest+Boxers+Of+All+Time+%28Floyd+Doesn%27t+Even+Crack+The+Top+5%21%29-https%3A%2F%2Fconsole.brax-cdn.com%2Fcreatives%2Fb86bbc0b-1fab-4ae3-9b34-fef78c1a7488%2Fgreatest_xob_1000x600_1fbe7b289761f6eca83941e405f21a96.png&utm_content=181004826&utm_campaign=1921589-tb
467,https://news.education.investing.com/top-25-richest-heirs-heiresses-in-america/?utm_source=taboola&utm_medium=cpm&utm_campaign=CA-Heirs%28KyraSedgwick-1%291-MiniSite-Desktop-WL&utm_term=msn-edgedefaulthomepage-canada&origin=taboola&tp[click_id]=CjBiYzIzYTRhYi03YmEyLTQxOTEtYTUzZi03MTA0YTA2YzNlZmUtdHVjdDQ5ZTA1N2QSEmludmVzdGluZy15dWtvbi1zYw&tp[site_id]=1053574&tp[site]=msn-edgedefaulthomepage-canada&tp[ts]=2019-10-14+14%3A10%3A28&tp[campaign_name]=CA-Heirs%28KyraSedgwick-1%291-MiniSite-Desktop-WL&tp[campaign_id]=2922255&tp[campaign_item_id]=280667516
468,http://www.housediver.com/worldwide/bankrupt?utm_medium=taboola&utm_source=taboola&utm_campaign=ta-hd-bankrupt-des-ca-27099f&utm_term=msn-edgedefaulthomepage-canada
469,http://www.carnovels.com/worldwide/house-item?utm_medium=taboola&utm_source=taboola&utm_campaign=ta-cn-house-item-des-ca-07099f&utm_term=msn-edgedefaulthomepage-canada
470,http://www.cleverst.com/worldwide/wd40?utm_medium=taboola&utm_source=taboola&utm_campaign=ta-cl-wd40-des-ca-safe-msn-26099q&utm_term=msn-edgedefaulthomepage-canada
471,http://www.healthygem.com/diet/common-kitchen-spices-and-herbs-with-amazing-health-benefits/?utm_source=tb&utm_medium=msn-edgedefaulthomepage-canada-tb&utm_term=Did+You+Know+This+Spice+Has+A+Hidden+Health+Benefit%3F-https%3A%2F%2Fs3.amazonaws.com%2Fhivemedia-images%2Fcreatives%2Fzxb%2F2_zxb.jpg&utm_content=265063684&utm_campaign=2623171-tb&utm_source=tb
472,http://thegreatestgalleries.com/en/2019/07/what-this-tiny-house-looks-like-from-the-inside-is-impressive/?utm_source=taboola&utm_medium=referral&utm_campaign=NewHuisjeDesktopCA
473,https://refund.grantsinternational.com/health-refund-32/?utm_source=taboola&utm_medium=referral
